link,title,description,category
https://www.youtube.com/watch?v=3qTZnwRbFY0&pp=ygUZY29zdGNvIHJvdGlzc2VyaWUgY2hpY2tlbg%3D%3D,This Is Why Costco Only Charges $5 For A Rotisserie Chicken,,costco_chicken
https://www.youtube.com/watch?v=jBFMDZ5ugd4&pp=ygUZY29zdGNvIHJvdGlzc2VyaWUgY2hpY2tlbg%3D%3D,Removing Meat from a Costco Rotisserie Chicken,,costco_chicken
https://www.youtube.com/watch?v=L_2jL8vNiNM&pp=ygUZY29zdGNvIHJvdGlzc2VyaWUgY2hpY2tlbg%3D%3D,The Big Problem Costco Shoppers Are Currently Having With Their Rotisserie Chickens,,costco_chicken
https://www.youtube.com/watch?v=gXjcwnEpILg&pp=ygUZY29zdGNvIHJvdGlzc2VyaWUgY2hpY2tlbg%3D%3D,Don't Eat Another Costco Rotisserie Chicken Until You Watch This,,costco_chicken
https://www.youtube.com/watch?v=3XDcNI31T2k&pp=ygUZY29zdGNvIHJvdGlzc2VyaWUgY2hpY2tlbg%3D%3D,10 Easy Costco Chicken Dinners | Recipes You Can Make With a Costco Rotisserie Chicken,,costco_chicken
https://www.youtube.com/shorts/-50Q3BvM2Xo,,,costco_chicken
https://www.youtube.com/watch?v=2QYJQDeOWNA&pp=ygUZY29zdGNvIHJvdGlzc2VyaWUgY2hpY2tlbg%3D%3D,Eating A COSTCO ROTISSERIE CHICKEN In The Car,,costco_chicken
https://www.youtube.com/watch?v=n0lPRRLkdN0&pp=ygUZY29zdGNvIHJvdGlzc2VyaWUgY2hpY2tlbg%3D%3D,Shopping At Costco For Meat & Seafood - What To Buy & Avoid,,costco_chicken
https://www.youtube.com/watch?v=EIB-2TgEK9M&pp=ygUZY29zdGNvIHJvdGlzc2VyaWUgY2hpY2tlbg%3D%3D,Underappreciated Costco Items You'll Wish You Knew About Sooner,,costco_chicken
https://www.youtube.com/watch?v=4fsdW-LHz08&pp=ygUZY29zdGNvIHJvdGlzc2VyaWUgY2hpY2tlbg%3D%3D,"The King of Rotisserie! Huge Ribs, Sausages, Loins and More Roasted Meat. Italy Street Food",,costco_chicken
https://www.youtube.com/watch?v=MSvCK_xH84s&pp=ygUZY29zdGNvIHJvdGlzc2VyaWUgY2hpY2tlbg%3D%3D,Why Is Costco Opening Its Own Chicken Farm?,,costco_chicken
https://www.youtube.com/watch?v=j6T4JKuDy3A&pp=ygUZY29zdGNvIHJvdGlzc2VyaWUgY2hpY2tlbg%3D%3D,2019 Costco‚Äôs rotisserie chicken,,costco_chicken
https://www.youtube.com/shorts/4lmFIRrNGh0,,,costco_chicken
https://www.youtube.com/watch?v=8Yd0MbW_IhI&pp=ygUZY29zdGNvIHJvdGlzc2VyaWUgY2hpY2tlbg%3D%3D,Can Rie Make Costco Rotisserie Chicken Fancy?,,costco_chicken
https://www.youtube.com/watch?v=e7Eco6V16dY&pp=ygUZY29zdGNvIHJvdGlzc2VyaWUgY2hpY2tlbg%3D%3D,"Costco Prepared Food Review - Rotisserie Chicken, Mac & Cheese, Meatloaf, & More!",,costco_chicken
https://www.youtube.com/watch?v=hnymeCIhWaA&pp=ygUZY29zdGNvIHJvdGlzc2VyaWUgY2hpY2tlbg%3D%3D,The Surprising Truth Behind Costco's 5 Dollar Rotisserie Chicken,,costco_chicken
https://www.youtube.com/shorts/dw_Z37rJKhc,,,costco_chicken
https://www.youtube.com/watch?v=uxl4GqLO3z0&pp=ygUZY29zdGNvIHJvdGlzc2VyaWUgY2hpY2tlbg%3D%3D,2022 Costco's Rotisserie Chicken,,costco_chicken
https://www.youtube.com/shorts/dMpVdJeLd3s,,,costco_chicken
https://www.youtube.com/watch?v=qkRAUoYLeaU&pp=ygUZY29zdGNvIHJvdGlzc2VyaWUgY2hpY2tlbg%3D%3D,Pro Chef Turns 2 Rotisserie Chickens Into 4 Meals For Under $12 | The Smart Cook | Epicurious,,costco_chicken
https://www.youtube.com/shorts/3oZF1pkhn_E,,,costco_chicken
https://www.youtube.com/watch?v=FzgrIOCQjvA&pp=ygUZY29zdGNvIHJvdGlzc2VyaWUgY2hpY2tlbg%3D%3D,Costco Rotisserie Chicken!Cost Effective Meals!,,costco_chicken
https://www.youtube.com/watch?v=1MHoT6VhrMI&pp=ygUZY29zdGNvIHJvdGlzc2VyaWUgY2hpY2tlbg%3D%3D,Why Is Costco‚Äôs $4.99 Rotisserie Chicken So Cheap?,,costco_chicken
https://www.youtube.com/shorts/00b_bBuUAQA,,,costco_chicken
https://www.youtube.com/shorts/5n9Hj3uUJTM,,,costco_chicken
https://www.youtube.com/shorts/zlhelhx3uMo,,,costco_chicken
https://www.youtube.com/shorts/QPOg6Oj0Jzk,,,costco_chicken
https://www.youtube.com/shorts/aiQt3z6BB5Y,,,costco_chicken
https://www.youtube.com/watch?v=Hlu5JiJjM8k&pp=ygUZY29zdGNvIHJvdGlzc2VyaWUgY2hpY2tlbg%3D%3D,Costco's Full Rotisserie Chicken!,,costco_chicken
https://www.youtube.com/watch?v=68ntPPJE4BM&pp=ygUZY29zdGNvIHJvdGlzc2VyaWUgY2hpY2tlbg%3D%3D,Costco Rotisserie Chicken Leftover Recipe,,costco_chicken
https://www.youtube.com/watch?v=NKi8hywqKS4&pp=ygUZY29zdGNvIHJvdGlzc2VyaWUgY2hpY2tlbg%3D%3D,Costco Roasted Chicken Challenge,,costco_chicken
https://www.youtube.com/watch?v=b2dlO-q8MKE&pp=ygUZY29zdGNvIHJvdGlzc2VyaWUgY2hpY2tlbg%3D%3D,COSTCO ROTISSERIE CHICKEN üçóüòã ~ ASMR MUKBANG in Manhattan NYC üóΩ,,costco_chicken
https://www.youtube.com/shorts/h_NiT96qZtc,,,costco_chicken
https://www.youtube.com/watch?v=qPIJ9YKlBxk&pp=ygUZY29zdGNvIHJvdGlzc2VyaWUgY2hpY2tlbg%3D%3D,COSTCO ROTISSERIE CHICKEN. ASMR,,costco_chicken
https://www.youtube.com/shorts/6Ssq25UJECo,,,costco_chicken
https://www.youtube.com/shorts/4yVM0o7-X4U,,,costco_chicken
https://www.youtube.com/watch?v=684h8GVaQgY&pp=ygUZY29zdGNvIHJvdGlzc2VyaWUgY2hpY2tlbg%3D%3D,Costco Rotisserie Chicken Sausage,,costco_chicken
https://www.youtube.com/watch?v=HaOb_J4-c0I&pp=ygUZY29zdGNvIHJvdGlzc2VyaWUgY2hpY2tlbg%3D%3D,How to PROPERLY eat a Whole Chicken,,costco_chicken
https://www.youtube.com/watch?v=nhBWHTHo448&pp=ygUZY29zdGNvIHJvdGlzc2VyaWUgY2hpY2tlbg%3D%3D,EASY Chicken Pho From $4.99 Costco Rotisserie Chicken - Ph·ªü G√†,,costco_chicken
https://www.youtube.com/shorts/za5-wPWDeJk,,,costco_chicken
https://www.youtube.com/shorts/bUnG7uJwYVE,,,costco_chicken
https://www.youtube.com/watch?v=V2GbMxHegxM&pp=ygUZY29zdGNvIHJvdGlzc2VyaWUgY2hpY2tlbg%3D%3D,Which Rotisserie Chicken Is Better: Costco Or Sam's Club?,,costco_chicken
https://www.youtube.com/shorts/OABYcNPLduE,,,costco_chicken
https://www.youtube.com/watch?v=XSIOZ7do82k&pp=ygUZY29zdGNvIHJvdGlzc2VyaWUgY2hpY2tlbg%3D%3D,Rotisserie Chicken and Carrageenan,,costco_chicken
https://www.youtube.com/shorts/D4xw7CybzI4,,,costco_chicken
https://www.youtube.com/watch?v=MSvCK_xH84s&pp=ygUZY29zdGNvIHJvdGlzc2VyaWUgY2hpY2tlbg%3D%3D,Why Is Costco Opening Its Own Chicken Farm?,,costco_chicken
https://www.youtube.com/shorts/yN-qrjBCbj0,,,costco_chicken
https://www.youtube.com/shorts/7BSp1oM7oww,,,costco_chicken
https://www.youtube.com/shorts/aG8DgcI9csE,,,costco_chicken
https://www.youtube.com/watch?v=0s_71TAHKeU&pp=ygUZY29zdGNvIHJvdGlzc2VyaWUgY2hpY2tlbg%3D%3D,The Real Reason Costco Sells Chicken So Cheap,,costco_chicken
https://www.youtube.com/shorts/tBWuJJW2Lp4,,,costco_chicken
https://www.youtube.com/shorts/gB5J_6Yu6Ts,,,costco_chicken
https://www.youtube.com/shorts/bQZyMgPEajQ,,,costco_chicken
https://www.youtube.com/shorts/Z5Melvxca7k,,,costco_chicken
https://www.youtube.com/watch?v=4Ngb6Bq3OsM&pp=ygUZY29zdGNvIHJvdGlzc2VyaWUgY2hpY2tlbg%3D%3D,Use This Hack To Cut Your Costco Rotisserie Chicken Quickly,,costco_chicken
https://www.youtube.com/shorts/LIhyC71Ty28,,,costco_chicken
https://www.youtube.com/watch?v=oiO1Q_Q28Os&pp=ygUZY29zdGNvIHJvdGlzc2VyaWUgY2hpY2tlbg%3D%3D,7 Meals to Make with ONE Costco Rotisserie Chicken | Prep Family Meals for the Week!,,costco_chicken
https://www.youtube.com/shorts/kPzH4HVlKoY,,,costco_chicken
https://www.youtube.com/shorts/t2Nvd0yYSKI,,,costco_chicken
https://www.youtube.com/shorts/ucOmPs-4b9Y,,,costco_chicken
https://www.youtube.com/shorts/-hx-dIpkT9k,,,costco_chicken
https://www.youtube.com/shorts/NnXogTwNzaM,,,costco_chicken
https://www.youtube.com/watch?v=NmJl66sQTfA&pp=ygUZY29zdGNvIHJvdGlzc2VyaWUgY2hpY2tlbg%3D%3D,Costco Rotisserie Chicken Makes The BEST Enchiladas‚ÄºÔ∏è,,costco_chicken
https://www.youtube.com/shorts/9RHOZy2k2LQ,,,costco_chicken
https://www.youtube.com/watch?v=Lyc3q7KX42Q&pp=ygUZY29zdGNvIHJvdGlzc2VyaWUgY2hpY2tlbg%3D%3D,How Many Meals? Sam's Club Rotisserie Chicken - Meal Prep & Costco Caesar Salad Hack,,costco_chicken
https://www.youtube.com/shorts/bGRfY5KOCPg,,,costco_chicken
https://www.youtube.com/shorts/5LtDmE9EUZo,,,costco_chicken
https://www.youtube.com/watch?v=6JBhekXegaA&pp=ygUZY29zdGNvIHJvdGlzc2VyaWUgY2hpY2tlbg%3D%3D,How To Reheat Rotisserie Chicken 6 Ways,,costco_chicken
https://www.youtube.com/shorts/yvh1LyccFT0,,,costco_chicken
https://www.youtube.com/watch?v=wYfcaSGBDDY&pp=ygUZY29zdGNvIHJvdGlzc2VyaWUgY2hpY2tlbg%3D%3D,How To Make An Easy & Delicious Costco Chicken Curry,,costco_chicken
https://www.youtube.com/shorts/XbU43OhIeJE,,,costco_chicken
https://www.youtube.com/shorts/mmhZgVzn7EA,,,costco_chicken
https://www.youtube.com/shorts/cPwrq89Q2r8,,,costco_chicken
https://www.youtube.com/shorts/d8ncd_Ax9Bk,,,costco_chicken
https://www.youtube.com/shorts/prOsIxEiUDQ,,,costco_chicken
https://www.youtube.com/shorts/kCmZHjJHYxM,,,costco_chicken
https://www.youtube.com/watch?v=wsGAr0iptgY&pp=ygUZY29zdGNvIHJvdGlzc2VyaWUgY2hpY2tlbg%3D%3D,Rotisserie Chicken Wars - Sam's Club vs Costco,,costco_chicken
https://www.youtube.com/watch?v=_Cs0VXw90hY&pp=ygUZY29zdGNvIHJvdGlzc2VyaWUgY2hpY2tlbg%3D%3D,Easy Costco Rotisserie Chicken Enchiladas,,costco_chicken
https://www.youtube.com/watch?v=d4_UzosbT0E&pp=ygUZY29zdGNvIHJvdGlzc2VyaWUgY2hpY2tlbg%3D%3D,"Freeze Drying Batch 604 - Shredded Costco Rotisserie Chicken with Taco Seasoning, and Rice",,costco_chicken
https://www.youtube.com/shorts/hr0AiU3YfDg,,,costco_chicken
https://www.youtube.com/shorts/If2JA0rUjQQ,,,costco_chicken
https://www.youtube.com/watch?v=SjnMXVyo-Ig&pp=ygUZY29zdGNvIHJvdGlzc2VyaWUgY2hpY2tlbg%3D%3D,Costco's Famous $4.99 Rotisserie Chicken REVIEW!,,costco_chicken
https://www.youtube.com/watch?v=nhBWHTHo448&pp=ygUZY29zdGNvIHJvdGlzc2VyaWUgY2hpY2tlbg%3D%3D,EASY Chicken Pho From $4.99 Costco Rotisserie Chicken - Ph·ªü G√†,,costco_chicken
https://www.youtube.com/shorts/Uzh1CpKov4U,,,costco_chicken
https://www.youtube.com/shorts/vklQ8klzKQI,,,costco_chicken
https://www.youtube.com/watch?v=V2ALyMpQQJQ&pp=ygUZY29zdGNvIHJvdGlzc2VyaWUgY2hpY2tlbg%3D%3D,Trying Costco Rotisserie Chicken For Only $4.50,,costco_chicken
https://www.youtube.com/shorts/5taJcmJvUn0,,,costco_chicken
https://www.youtube.com/shorts/fQ6UFe5qwiw,,,costco_chicken
https://www.youtube.com/shorts/Et8dZ-PDCrk,,,costco_chicken
https://www.youtube.com/watch?v=fLQ3jFguLII&pp=ygUZY29zdGNvIHJvdGlzc2VyaWUgY2hpY2tlbg%3D%3D,Reheat Rotisserie Chicken in the Oven Without Drying Out!,,costco_chicken
https://www.youtube.com/watch?v=qX3T0Tm-460&pp=ygUZY29zdGNvIHJvdGlzc2VyaWUgY2hpY2tlbg%3D%3D,2 COSTCO ROTISSERIE CHICKEN CHALLENGE! EAT OFF | MUKBANG,,costco_chicken
https://www.youtube.com/watch?v=MqQRcGYNQgI&pp=ygUZY29zdGNvIHJvdGlzc2VyaWUgY2hpY2tlbg%3D%3D,Behind The Scenes - Rotisserie Chicken at Costco Wholesales,,costco_chicken
https://www.youtube.com/shorts/MSasHvV6KtI,,,costco_chicken
https://www.youtube.com/watch?v=JbnZMvmgx4g&pp=ygUZY29zdGNvIHJvdGlzc2VyaWUgY2hpY2tlbg%3D%3D,How to Reheat a Rotisserie Chicken,,costco_chicken
https://www.youtube.com/watch?v=EZwHQO1Fq6s&pp=ygUZY29zdGNvIHJvdGlzc2VyaWUgY2hpY2tlbg%3D%3D,The cost of $4.99 rotisserie chickens: Costco gets sued for animal mistreatment,,costco_chicken
https://www.youtube.com/watch?v=PXBiDcGGzNA&pp=ygUZY29zdGNvIHJvdGlzc2VyaWUgY2hpY2tlbg%3D%3D,USING COSTCO ROTISSERIE CHICKEN PLASTIC CONTAINER. COMPLETE BASIC GUIDE TO WINTER SEED SOWING,,costco_chicken
https://www.youtube.com/shorts/lHKP7TGq93c,,,costco_chicken
https://www.youtube.com/watch?v=w_YkshdaBqE&pp=ygUZY29zdGNvIHJvdGlzc2VyaWUgY2hpY2tlbg%3D%3D,Quick & Easy: Kirkland Signature Rotisserie Chicken Soup 2-Ways,,costco_chicken
https://www.youtube.com/watch?v=Ee8RVGXeo1Y&pp=ygUZY29zdGNvIHJvdGlzc2VyaWUgY2hpY2tlbg%3D%3D,Costco's Kirkland Signature Enchiladas | Chef Dawg,,costco_chicken
https://www.youtube.com/shorts/2YUluvVx_MY,,,costco_chicken
https://www.youtube.com/shorts/AQBjAYYinZs,,,costco_chicken
https://www.youtube.com/shorts/5fCy6IDqOCc,,,costco_chicken
https://www.youtube.com/watch?v=-SGrvUOWn8s&pp=ygUZY29zdGNvIHJvdGlzc2VyaWUgY2hpY2tlbg%3D%3D,Bodybuilding On A Budget Best Deal On Chicken Meal Prep Rotisserie Chicken,,costco_chicken
https://www.youtube.com/shorts/EX-fPZCWMf8,,,costco_chicken
https://www.youtube.com/watch?v=QQEJKomv69M&pp=ygUZY29zdGNvIHJvdGlzc2VyaWUgY2hpY2tlbg%3D%3D,HOW I AMPLIFY THE FLAVOR OF COSTCO'S ROTISSERIE CHICKEN,,costco_chicken
https://www.youtube.com/watch?v=jI--C9nHjvc&pp=ygUZY29zdGNvIHJvdGlzc2VyaWUgY2hpY2tlbg%3D%3D,Costco's rotisserie chicken salad sandwiches on a croissant | Chef Dawg,,costco_chicken
https://www.youtube.com/watch?v=IkWt-o4FcyE&pp=ygUZY29zdGNvIHJvdGlzc2VyaWUgY2hpY2tlbg%3D%3D,Who Has The Best Rotisserie Chickens? Sam‚Äôs Club VS Costco,,costco_chicken
https://www.youtube.com/shorts/4298UDBrYso,,,costco_chicken
https://www.youtube.com/watch?v=TB8Yo9AGaww&pp=ygUZY29zdGNvIHJvdGlzc2VyaWUgY2hpY2tlbg%3D%3D,Costco Rotisserie Chicken,,costco_chicken
https://www.youtube.com/shorts/AyxGYJEBZ-Q,,,costco_chicken
https://www.youtube.com/watch?v=zD0GiLipBvc&pp=ygUZY29zdGNvIHJvdGlzc2VyaWUgY2hpY2tlbg%3D%3D,How is the Costco Rotisserie Chicken? - Costco Rotisserie Chicken Review - with Hidden Perk,,costco_chicken
https://www.youtube.com/shorts/z8ejtWQlvJo,,,costco_chicken
https://www.youtube.com/shorts/AcPrn7pnNOI,,,costco_chicken
https://www.youtube.com/shorts/ZxjJRXB0j94,,,costco_chicken
https://www.youtube.com/watch?v=jw82h3vuR5k&pp=ygUZY29zdGNvIHJvdGlzc2VyaWUgY2hpY2tlbg%3D%3D,"""Cracking the Costco Rotisserie Chicken Recipe: My Copycat Version is Even Better!""",,costco_chicken
https://www.youtube.com/shorts/FaBasW8_vCU,,,costco_chicken
https://www.youtube.com/shorts/1ZpjL5H39F4,,,costco_chicken
https://www.youtube.com/watch?v=P45IOBoyvTU&pp=ygUZY29zdGNvIHJvdGlzc2VyaWUgY2hpY2tlbg%3D%3D,I ate a COSTCO Feast in my CAR,,costco_chicken
https://www.youtube.com/watch?v=aqeShTCe0mI&pp=ygUZY29zdGNvIHJvdGlzc2VyaWUgY2hpY2tlbg%3D%3D,COOK WITH ME | green enchiladas + costco rotisserie chicken,,costco_chicken
https://www.youtube.com/watch?v=qWFZc_kZmbA&pp=ygUZY29zdGNvIHJvdGlzc2VyaWUgY2hpY2tlbg%3D%3D,The Best Easiest ‚óè Homemade Chicken Soup !,,costco_chicken
https://www.youtube.com/watch?v=eIfkXs0avjw&pp=ygUZY29zdGNvIHJvdGlzc2VyaWUgY2hpY2tlbg%3D%3D,Costco Rotisserie Chicken Mukbang!! üêì,,costco_chicken
https://www.youtube.com/shorts/GWQaZmZr-eU,,,costco_chicken
https://www.youtube.com/watch?v=foB2JLcKexs&pp=ygUZY29zdGNvIHJvdGlzc2VyaWUgY2hpY2tlbg%3D%3D,ASMR- 1 Whole COSTCO Rotisserie Chicken *SAVAGE EATING,,costco_chicken
https://www.youtube.com/watch?v=C1GfYe-P85M&pp=ygUZY29zdGNvIHJvdGlzc2VyaWUgY2hpY2tlbg%3D%3D,"COSTCO ROTISSERIE CHICKEN MUKBANG ""Chicks Silog""",,costco_chicken
https://www.youtube.com/watch?v=i9hPTjKHhKo&pp=ygUZY29zdGNvIHJvdGlzc2VyaWUgY2hpY2tlbg%3D%3D,Costco Rotisserie Chicken Review,,costco_chicken
https://www.youtube.com/shorts/ABfZJRFjM94,,,costco_chicken
https://www.youtube.com/shorts/goW2ApjPlMo,,,costco_chicken
https://www.youtube.com/watch?v=rvJ3dkLWXCM&pp=ygUZY29zdGNvIHJvdGlzc2VyaWUgY2hpY2tlbg%3D%3D,Kirkland Signature (Costco) Chicken Salad made with Rotisserie Chicken Review,,costco_chicken
https://www.youtube.com/watch?v=dacRWyIowz8&pp=ygUZY29zdGNvIHJvdGlzc2VyaWUgY2hpY2tlbg%3D%3D,Homemade Costco Rotisserie Chicken Salad Sandwich - Cooking #94,,costco_chicken
https://www.youtube.com/shorts/1_GaUfl_7lc,,,costco_chicken
https://www.youtube.com/watch?v=-3xgFWAs9gw&pp=ygUZY29zdGNvIHJvdGlzc2VyaWUgY2hpY2tlbg%3D%3D,COSTCO ROTISSERIE CHICKEN and SALAD MUKBANG,,costco_chicken
https://www.youtube.com/watch?v=LiZttTCkxIQ&pp=ygUZY29zdGNvIHJvdGlzc2VyaWUgY2hpY2tlbg%3D%3D,Amazing Rotisserie Chicken Soup Recipe - The Best Chicken Soup Recipe in under 20 minutes Ya'Eat,,costco_chicken
https://www.youtube.com/shorts/NJ3MDNjGhgo,,,costco_chicken
https://www.youtube.com/watch?v=mC1yDvpYwRs&pp=ygUZY29zdGNvIHJvdGlzc2VyaWUgY2hpY2tlbg%3D%3D,Costco Rotisserie Chicken Review | Chef Dawg,,costco_chicken
https://www.youtube.com/shorts/vlt2Kt_gwak,,,costco_chicken
https://www.youtube.com/watch?v=T62vhUOscqI&pp=ygUZY29zdGNvIHJvdGlzc2VyaWUgY2hpY2tlbg%3D%3D,Costco's NEW Rotisserie Chicken Recipe!!,,costco_chicken
https://www.youtube.com/watch?v=BTlMfcR2-X0&pp=ygUZY29zdGNvIHJvdGlzc2VyaWUgY2hpY2tlbg%3D%3D,Costco Rotisserie Chicken Fan Shares Why She‚Äôs ‚ÄúBoycotting the Bird‚Äù,,costco_chicken
https://www.youtube.com/watch?v=KzGxkPMiQjo&pp=ygUZY29zdGNvIHJvdGlzc2VyaWUgY2hpY2tlbg%3D%3D,Quick & Easy BBQ Chicken Sliders with Costco Rotisserie Chicken,,costco_chicken
https://www.youtube.com/watch?v=hxSRznMv4gE&pp=ygUZY29zdGNvIHJvdGlzc2VyaWUgY2hpY2tlbg%3D%3D,3 EASY CASSEROLES USING ROTISSERIE CHICKEN | RECIPES FOR ROTISSERIE CHICKEN,,costco_chicken
https://www.youtube.com/shorts/L04PYDN_7MI,,,costco_chicken
https://www.youtube.com/shorts/h3JXOGDfVXI,,,costco_chicken
https://www.youtube.com/shorts/dUEFr1MSe4E,,,costco_chicken
https://www.youtube.com/watch?v=u86x-AOjkDQ&pp=ygUZY29zdGNvIHJvdGlzc2VyaWUgY2hpY2tlbg%3D%3D,How to Carve Cut a COSTCO Rotisserie Chicken Like an EXPERT chef,,costco_chicken
https://www.youtube.com/watch?v=8b7LsHyvkmA&pp=ygUZY29zdGNvIHJvdGlzc2VyaWUgY2hpY2tlbg%3D%3D,Costco ROTISSERIE CHICKEN vs HOT DOG COMBO. Which is better deal?,,costco_chicken
https://www.youtube.com/watch?v=_Cs0VXw90hY&pp=ygUZY29zdGNvIHJvdGlzc2VyaWUgY2hpY2tlbg%3D%3D,Easy Costco Rotisserie Chicken Enchiladas,,costco_chicken
https://www.youtube.com/watch?v=O-MqV7C0tfY&pp=ygUZY29zdGNvIHJvdGlzc2VyaWUgY2hpY2tlbg%3D%3D,The Difference Between Costco And Whole Foods Rotisserie Chicken,,costco_chicken
https://www.youtube.com/shorts/PQ-dsI5lX78,,,costco_chicken
https://www.youtube.com/shorts/SZeC2WNFy1Q,,,costco_chicken
https://www.youtube.com/shorts/plaAu0EPkU8,,,costco_chicken
https://www.youtube.com/watch?v=Q2qkVIGF83Y&pp=ygUZY29zdGNvIHJvdGlzc2VyaWUgY2hpY2tlbg%3D%3D,5 Easy Meals Using Costco Rotisserie Chicken,,costco_chicken
https://www.youtube.com/watch?v=4d4jja2Ph5Q&pp=ygUZY29zdGNvIHJvdGlzc2VyaWUgY2hpY2tlbg%3D%3D,Fact or Fiction: Costco discontinuing rotisserie chickens?,,costco_chicken
https://www.youtube.com/watch?v=QePKmJv3FmU&pp=ygUZY29zdGNvIHJvdGlzc2VyaWUgY2hpY2tlbg%3D%3D,JALAPE√ëO CHICKEN SALAD | Easy Recipe Using Costco Rotisserie Chicken | gluten & dairy free,,costco_chicken
https://www.youtube.com/watch?v=dFNDj9sIUXE&pp=ygUZY29zdGNvIHJvdGlzc2VyaWUgY2hpY2tlbg%3D%3D,COSTCO Spicy Miso Garlic Chicken Ramen (From Rotisserie Chicken) | JMah Cooks,,costco_chicken
https://www.youtube.com/watch?v=Kx_jYJHE1Xw&pp=ygUZY29zdGNvIHJvdGlzc2VyaWUgY2hpY2tlbg%3D%3D,Shawarma made with leftover Costco Rotisserie Chicken üí•,,costco_chicken
https://www.youtube.com/watch?v=wsGAr0iptgY&pp=ygUZY29zdGNvIHJvdGlzc2VyaWUgY2hpY2tlbg%3D%3D,Rotisserie Chicken Wars - Sam's Club vs Costco,,costco_chicken
https://www.youtube.com/watch?v=Uoem-ksDpbo&pp=ygUZY29zdGNvIHJvdGlzc2VyaWUgY2hpY2tlbg%3D%3D,COSTCO ROTISSERIE CHICKEN MUKBANG,,costco_chicken
https://www.youtube.com/watch?v=JqiP-dYRYxY&pp=ygUZY29zdGNvIHJvdGlzc2VyaWUgY2hpY2tlbg%3D%3D,Ray the Butcher Shows You How to Carve a Rotisserie Chicken The Right Way,,costco_chicken
https://www.youtube.com/watch?v=Fw3PFw4WhG0&pp=ygUZY29zdGNvIHJvdGlzc2VyaWUgY2hpY2tlbg%3D%3D,Costco Sale Item Review Enchilada Bake With Rotisserie Chicken Taste Test Review Recommendation,,costco_chicken
https://www.youtube.com/watch?v=YIMjZDDRhI0&pp=ygUZY29zdGNvIHJvdGlzc2VyaWUgY2hpY2tlbg%3D%3D,Costco Asian Wrap Rotisserie Chicken,,costco_chicken
https://www.youtube.com/shorts/Ap-tpkbOoUo,,,costco_chicken
https://www.youtube.com/watch?v=8g-ppTPGSLI&pp=ygUZY29zdGNvIHJvdGlzc2VyaWUgY2hpY2tlbg%3D%3D,5 Creative Ways to Use Leftover Rotisserie Chicken,,costco_chicken
https://www.youtube.com/watch?v=AN-nr6syaFE&pp=ygUZY29zdGNvIHJvdGlzc2VyaWUgY2hpY2tlbg%3D%3D,"Blowing up a Costco Rotisserie Chicken (Slow Mo, LOUD)",,costco_chicken
https://www.youtube.com/watch?v=GIVw7JJ4Dj0&pp=ygUZY29zdGNvIHJvdGlzc2VyaWUgY2hpY2tlbg%3D%3D,Watch This Before Buying Rotisserie Chicken From The Store,,costco_chicken
https://www.youtube.com/shorts/uS-nn7IYL6E,,,costco_chicken
https://www.youtube.com/watch?v=5DkXzXrCdDo&pp=ygUZY29zdGNvIHJvdGlzc2VyaWUgY2hpY2tlbg%3D%3D,How to cut and get the most out of your rotisserie chicken,,costco_chicken
https://www.youtube.com/watch?v=c1TaAJlpfQQ&pp=ygUZY29zdGNvIHJvdGlzc2VyaWUgY2hpY2tlbg%3D%3D,4 Plus Meals using One Costco Rotisserie Chicken|My Gambian Kitchen,,costco_chicken
https://www.youtube.com/shorts/S5Hjf0N7iVk,,,costco_chicken
https://www.youtube.com/shorts/3C-aj3lujLU,,,costco_chicken
https://www.youtube.com/watch?v=VNxLrJVM0HM&pp=ygUZY29zdGNvIHJvdGlzc2VyaWUgY2hpY2tlbg%3D%3D,2.5 Costco rotisserie chickens in one batch - Freeze Drying Rotisserie Chicken,,costco_chicken
https://www.youtube.com/watch?v=txJaCPME71Q&pp=ygUZY29zdGNvIHJvdGlzc2VyaWUgY2hpY2tlbg%3D%3D,Why You Can't Pass Up The Costco Rotisserie Chicken!,,costco_chicken
https://www.youtube.com/watch?v=SApKLGf57cs&pp=ygUZY29zdGNvIHJvdGlzc2VyaWUgY2hpY2tlbg%3D%3D,It's Hard To Beat The Value of Costco's Rotisserie Chicken!,,costco_chicken
https://www.youtube.com/shorts/yyzonXQ3EN0,,,costco_chicken
https://www.youtube.com/shorts/7In9pfzNvfk,,,costco_chicken
https://www.youtube.com/shorts/mfGpSZ6keXY,,,costco_chicken
https://www.youtube.com/shorts/JyEQiymaJlY,,,costco_chicken
https://www.youtube.com/watch?v=e-b209Mkyes&pp=ygUZY29zdGNvIHJvdGlzc2VyaWUgY2hpY2tlbg%3D%3D,"How To Make Bone Broth From Costco Rotisserie Chicken, Instant Pot. Pro Tip at The End : Daniels DIY",,costco_chicken
https://www.youtube.com/shorts/WGRhb0vtcw4,,,costco_chicken
https://www.youtube.com/watch?v=L5pIYOsZMaQ&pp=ygUZY29zdGNvIHJvdGlzc2VyaWUgY2hpY2tlbg%3D%3D,Costco Rotisserie Chicken,,costco_chicken
https://www.youtube.com/watch?v=YMBRgYFDv4c&pp=ygUZY29zdGNvIHJvdGlzc2VyaWUgY2hpY2tlbg%3D%3D,Giving out Costco's Rotisserie Chicken to the Homeless,,costco_chicken
https://www.youtube.com/shorts/5rCg2DCOCsU,,,costco_chicken
https://www.youtube.com/watch?v=q336EXCMwhc&pp=ygUZY29zdGNvIHJvdGlzc2VyaWUgY2hpY2tlbg%3D%3D,TRY This Left Over Rotisserie Chicken Costco | Quick and Easy Chicken Salad Sandwich,,costco_chicken
https://www.youtube.com/watch?v=kZ9_TkXZgK0&pp=ygUZY29zdGNvIHJvdGlzc2VyaWUgY2hpY2tlbg%3D%3D,Costco Chicken Salad Copycat Recipe | Leftover Rotisserie Chicken,,costco_chicken
https://www.youtube.com/shorts/NPuxM0uuyFY,,,costco_chicken
https://www.youtube.com/watch?v=FWSDINXsgEA&pp=ygUZY29zdGNvIHJvdGlzc2VyaWUgY2hpY2tlbg%3D%3D,Costco Chicken Providers Exposed for Animal Cruelty,,costco_chicken
https://www.youtube.com/watch?v=QMwsNngh_64&pp=ygUZY29zdGNvIHJvdGlzc2VyaWUgY2hpY2tlbg%3D%3D,5 of the BEST Recipes Using Rotisserie Chicken! | Quick & EASY Tasty Chicken Dinners | Julia Pacheco,,costco_chicken
https://www.youtube.com/watch?v=Wo-WmeUPWCE&pp=ygUZY29zdGNvIHJvdGlzc2VyaWUgY2hpY2tlbg%3D%3D,Brought home Costco's Rotisserie Chicken - super tender,,costco_chicken
https://www.youtube.com/shorts/bmeIayHzrZU,,,costco_chicken
https://www.youtube.com/shorts/s6tNrB7VMlA,,,costco_chicken
https://www.youtube.com/shorts/xYKfD25gCdQ,,,costco_chicken
https://www.youtube.com/watch?v=JVUJdos2T4E&pp=ygUZY29zdGNvIHJvdGlzc2VyaWUgY2hpY2tlbg%3D%3D,"Freeze dried COSTCO // Rotisserie Chicken, Pumpkin Pie, Lasagna, Mushrooms, Olives",,costco_chicken
https://www.youtube.com/shorts/PMrBn9Gl4MU,,,costco_chicken
https://www.youtube.com/watch?v=xxe1dDeW4FY&pp=ygUZY29zdGNvIHJvdGlzc2VyaWUgY2hpY2tlbg%3D%3D,HOLY Buckets Halal Rotisserie Chicken! HMS Certified! Halal Costco Rotisserie Style Chicken??,,costco_chicken
https://www.youtube.com/watch?v=ATvim75PyKg&pp=ygUZY29zdGNvIHJvdGlzc2VyaWUgY2hpY2tlbg%3D%3D,Costco Rotisserie Chicken Taiwan - How much Protein???,,costco_chicken
https://www.youtube.com/watch?v=0WGJwrtf3Z8&pp=ygUZY29zdGNvIHJvdGlzc2VyaWUgY2hpY2tlbg%3D%3D,Why Costco sells 60 million rotisserie chickens at a loss?,,costco_chicken
https://www.youtube.com/shorts/9RFod900vGw,,,costco_chicken
https://www.youtube.com/watch?v=uhvJZTkURhY&pp=ygUZY29zdGNvIHJvdGlzc2VyaWUgY2hpY2tlbg%3D%3D,Costco Rotisserie Chicken Leftovers - Shepherd's pie and chicken salad,,costco_chicken
https://www.youtube.com/watch?v=SDbrJ0O_wCE&pp=ygUZY29zdGNvIHJvdGlzc2VyaWUgY2hpY2tlbg%3D%3D,HARDT - Inferno 4500 - electric rotisseries - chicken cooking at Costco,,costco_chicken
https://www.youtube.com/watch?v=4cbZSmyz9K0&pp=ygUZY29zdGNvIHJvdGlzc2VyaWUgY2hpY2tlbg%3D%3D,Why You Should Never Buy A Rotisserie Chicken From Walmart,,costco_chicken
https://www.youtube.com/watch?v=E5fG3yQ_zZ4&pp=ygUZY29zdGNvIHJvdGlzc2VyaWUgY2hpY2tlbg%3D%3D,how to make chicken stock from a rotisserie chicken at home in an instant pot | SAHM,,costco_chicken
https://www.youtube.com/shorts/Vvt-IrHJ2qQ,,,costco_chicken
https://www.youtube.com/watch?v=Kp2YYB2N5dE&pp=ygUZY29zdGNvIHJvdGlzc2VyaWUgY2hpY2tlbg%3D%3D,ASMR Costco Rotisserie Chicken Mukbang,,costco_chicken
https://www.youtube.com/watch?v=gdCOOSD2Ic0&pp=ygUZY29zdGNvIHJvdGlzc2VyaWUgY2hpY2tlbg%3D%3D,"ROTISSERIE CHICKEN NOODLE SOUP | easy, shortcut recipe",,costco_chicken
https://www.youtube.com/watch?v=p7N_TLrfCg4&pp=ygUZY29zdGNvIHJvdGlzc2VyaWUgY2hpY2tlbg%3D%3D,Pre-packaged hand pulled rotisserie chicken breast meat from Costco | Chef Dawg Uncut,,costco_chicken
https://www.youtube.com/watch?v=U7odXi5U-U0&pp=ygUZY29zdGNvIHJvdGlzc2VyaWUgY2hpY2tlbg%3D%3D,Leftover Costco Rotisserie Chicken Soup Recipe: Tinolang Manok - Easy One Pot (Chicken Ginger Soup),,costco_chicken
https://www.youtube.com/watch?v=K5U8POlgwFE&pp=ygUZY29zdGNvIHJvdGlzc2VyaWUgY2hpY2tlbg%3D%3D,Kirkland Enchilada bake with rotisserie chicken | Costco food review!,,costco_chicken
https://www.youtube.com/watch?v=Zh8GcKXQOdU&pp=ygUZY29zdGNvIHJvdGlzc2VyaWUgY2hpY2tlbg%3D%3D,5 AMAZING Recipes Using ROTISSERIE CHICKEN | The FASTEST Easy Chicken Dinner Ideas | Julia Pacheco,,costco_chicken
https://www.youtube.com/watch?v=_5E3Z2eefkA&pp=ygUZY29zdGNvIHJvdGlzc2VyaWUgY2hpY2tlbg%3D%3D,How to package freeze dried rotisserie chicken.,,costco_chicken
https://www.youtube.com/watch?v=NO4TmoMu0VM&pp=ygUZY29zdGNvIHJvdGlzc2VyaWUgY2hpY2tlbg%3D%3D,Carving your Costco Rotisserie chicken by Paul Wittig,,costco_chicken
https://www.youtube.com/watch?v=LPHoq-P_iB8&pp=ygUZY29zdGNvIHJvdGlzc2VyaWUgY2hpY2tlbg%3D%3D,COSTCO ROTISSERIE CHICKEN CHALLENGE | EAT OFF | LOSER DOES 100 PUSH-UPS,,costco_chicken
https://www.youtube.com/watch?v=BjnC7_7Aa5k&pp=ygUZY29zdGNvIHJvdGlzc2VyaWUgY2hpY2tlbg%3D%3D,ROTISSERIE CHICKEN BATTLE! (Costco vs. Ralphs),,costco_chicken
https://www.youtube.com/watch?v=_PQYQnp1bcs&pp=ygUZY29zdGNvIHJvdGlzc2VyaWUgY2hpY2tlbg%3D%3D,HOW TO REHEAT ROTISSERIE CHICKEN IN THE OVEN | REHEATING A WHOLE BAKED CHICKEN,,costco_chicken
https://www.youtube.com/shorts/SeHd3XEGbok,,,costco_chicken
https://www.youtube.com/watch?v=aNMednOWW4c&pp=ygUZY29zdGNvIHJvdGlzc2VyaWUgY2hpY2tlbg%3D%3D,"Freeze Drying Your First 500 lbs of Food - Batch 25 - Chicken, Costco, Rotisserie",,costco_chicken
https://www.youtube.com/watch?v=T8uWKXt8C_c&pp=ygUZY29zdGNvIHJvdGlzc2VyaWUgY2hpY2tlbg%3D%3D,8 minutes of my dog eating a Costco Rotisserie chicken.,,costco_chicken
https://www.youtube.com/shorts/x_D8i-dZAtg,,,costco_chicken
https://www.youtube.com/watch?v=AVCj2s5IGX8&pp=ygUZY29zdGNvIHJvdGlzc2VyaWUgY2hpY2tlbg%3D%3D,THE BUYER'S GUIDE TO ROTISSERIE CHICKEN | BEST CLIPS,,costco_chicken
https://www.youtube.com/watch?v=8cg55m0nNIs&pp=ygUZY29zdGNvIHJvdGlzc2VyaWUgY2hpY2tlbg%3D%3D,Chicken Noodle Soup from Costco,,costco_chicken
https://www.youtube.com/shorts/rJK9rkwcQEE,,,costco_chicken
https://www.youtube.com/shorts/0KPEZ8NUGSk,,,costco_chicken
https://www.youtube.com/shorts/kIyUiW_Ph0M,,,costco_chicken
https://www.youtube.com/watch?v=F9xmWIVuVtQ&pp=ygUZY29zdGNvIHJvdGlzc2VyaWUgY2hpY2tlbg%3D%3D,How to Make Chicken Stock from Rotisserie Chicken,,costco_chicken
https://www.youtube.com/watch?v=JtLaaKSZmuE&pp=ygUZY29zdGNvIHJvdGlzc2VyaWUgY2hpY2tlbg%3D%3D,Is This Air Fryer Roast Chicken Better Than The Costco Rotisserie Chicken?,,costco_chicken
https://www.youtube.com/watch?v=g7yecNZrVeU&pp=ygUZY29zdGNvIHJvdGlzc2VyaWUgY2hpY2tlbg%3D%3D,Delicious Chicken Noodle With Rosemary Using Costco Rotisserie Chicken,,costco_chicken
https://www.youtube.com/watch?v=6xEMJTRTlb8&pp=ygUZY29zdGNvIHJvdGlzc2VyaWUgY2hpY2tlbg%3D%3D,Ranking Grocery Store Rotisserie Chickens From Worst To Best,,costco_chicken
https://www.youtube.com/watch?v=e-b209Mkyes&pp=ygUZY29zdGNvIHJvdGlzc2VyaWUgY2hpY2tlbg%3D%3D,"How To Make Bone Broth From Costco Rotisserie Chicken, Instant Pot. Pro Tip at The End : Daniels DIY",,costco_chicken
https://www.youtube.com/watch?v=Jc8Xb4sTDkM&pp=ygUZY29zdGNvIHJvdGlzc2VyaWUgY2hpY2tlbg%3D%3D,A great recipe for rotisserie chicken noodle soup,,costco_chicken
https://www.youtube.com/shorts/wSnHS81C-F4,,,costco_chicken
https://www.youtube.com/watch?v=4bM0AEdV_FQ&pp=ygUZY29zdGNvIHJvdGlzc2VyaWUgY2hpY2tlbg%3D%3D,10 Grocery Store Rotisserie Chickens Ranked WORST to BEST,,costco_chicken
https://www.youtube.com/shorts/myedDEEz6B0,,,costco_chicken
https://www.youtube.com/watch?v=9bIOtAMd_As&pp=ygUZY29zdGNvIHJvdGlzc2VyaWUgY2hpY2tlbg%3D%3D,SIMPLE CHICKEN QUESADILLAS Made With Rotisserie Chicken,,costco_chicken
https://www.youtube.com/watch?v=O1IusTHQMPg&pp=ygUZY29zdGNvIHJvdGlzc2VyaWUgY2hpY2tlbg%3D%3D,Which Grocery Store Has The Best Rotisserie Chicken?,,costco_chicken
https://www.youtube.com/shorts/Z1-uZwUwV34,,,costco_chicken
https://www.youtube.com/watch?v=LDzgu2aL9NI&pp=ygUZY29zdGNvIHJvdGlzc2VyaWUgY2hpY2tlbg%3D%3D,Costco Rotisserie Chicken,,costco_chicken
https://www.youtube.com/watch?v=JmfZoMJjHxc&pp=ygUZY29zdGNvIHJvdGlzc2VyaWUgY2hpY2tlbg%3D%3D,Chicken Salad Sandwich | Leftover Costco Rotisserie Chicken Recipe,,costco_chicken
https://www.youtube.com/shorts/GAemclfzSYs,,,costco_chicken
https://www.youtube.com/shorts/su2kHxmOJS0,,,costco_chicken
https://www.youtube.com/shorts/sENfHSbd-aU,,,costco_chicken
https://www.youtube.com/watch?v=NyKNBhIJS6M&pp=ygUZY29zdGNvIHJvdGlzc2VyaWUgY2hpY2tlbg%3D%3D,Delicious Costco pulled rotisserie chicken stir fry,,costco_chicken
https://www.youtube.com/shorts/LgddttZX4p0,,,costco_chicken
https://www.youtube.com/shorts/MzhWeWZ4uhE,,,costco_chicken
https://www.youtube.com/watch?v=D0lOrRnM5as&pp=ygUZY29zdGNvIHJvdGlzc2VyaWUgY2hpY2tlbg%3D%3D,How to make PERFECT ROTISSERIE STYLE CHICKEN in the OVEN | Better Than Costco | Recipe for Real Life,,costco_chicken
https://www.youtube.com/shorts/OVycf1Bx3co,,,costco_chicken
https://www.youtube.com/shorts/axc9dUloLfU,,,costco_chicken
https://www.youtube.com/watch?v=Gj8dR7pakoM&pp=ygUZY29zdGNvIHJvdGlzc2VyaWUgY2hpY2tlbg%3D%3D,Costco Rotisserie Chicken|Kirkland Signature|How to put tomato sauce on Pizza machine|Costco Pizza|,,costco_chicken
https://www.youtube.com/watch?v=DiK2Rkaj9fo&pp=ygUZY29zdGNvIHJvdGlzc2VyaWUgY2hpY2tlbg%3D%3D,Costco Rotisserie Chicken And Cheese Bagels | Gay Family Mukbang (Î®πÎ∞©) - Eating Show,,costco_chicken
https://www.youtube.com/watch?v=5WBPT9fT0iU&pp=ygUZY29zdGNvIHJvdGlzc2VyaWUgY2hpY2tlbg%3D%3D,Costco Rotisserie Chicken,,costco_chicken
https://www.youtube.com/watch?v=6pLSr2BbnjQ&pp=ygUZY29zdGNvIHJvdGlzc2VyaWUgY2hpY2tlbg%3D%3D,THE FAMOUS COSTCO ROTISSERIE CHICKEN! | A Day Trip to Costco Japan,,costco_chicken
https://www.youtube.com/shorts/fD8lVliNcN0,,,costco_chicken
https://www.youtube.com/watch?v=oPp-LOULNlg&pp=ygUZY29zdGNvIHJvdGlzc2VyaWUgY2hpY2tlbg%3D%3D,Giant Roasted Chicken Mukbang | Costco Rotisserie Chicken,,costco_chicken
https://www.youtube.com/watch?v=D31hxR38Kmk&pp=ygUZY29zdGNvIHJvdGlzc2VyaWUgY2hpY2tlbg%3D%3D,Buffalo Chicken Dip with Rotisserie Chicken | Best Buffalo Chicken Dip,,costco_chicken
https://www.youtube.com/watch?v=wSAMbAvt5uI&pp=ygUZY29zdGNvIHJvdGlzc2VyaWUgY2hpY2tlbg%3D%3D,ASMR Costco Rotisserie Chicken | Eating Sounds | Light Whispers | Nana Eats,,costco_chicken
https://www.youtube.com/watch?v=p4AQY1BIg7g&pp=ygUZY29zdGNvIHJvdGlzc2VyaWUgY2hpY2tlbg%3D%3D,Costco Chicken Enchilada Taste Test and Review,,costco_chicken
https://www.youtube.com/shorts/jMxY3XtRxUk,,,costco_chicken
https://www.youtube.com/watch?v=Kfq_lEfzdhQ&pp=ygUZY29zdGNvIHJvdGlzc2VyaWUgY2hpY2tlbg%3D%3D,Costco rotisserie chicken,,costco_chicken
https://www.youtube.com/watch?v=gFNTo77t3YE&pp=ygUZY29zdGNvIHJvdGlzc2VyaWUgY2hpY2tlbg%3D%3D,How to Make Gravy from a Rotisserie Chicken,,costco_chicken
https://www.youtube.com/watch?v=qEgmc3LlOlo&pp=ygUZY29zdGNvIHJvdGlzc2VyaWUgY2hpY2tlbg%3D%3D,Costco Rotisserie chicken food review.,,costco_chicken
https://www.youtube.com/watch?v=uqEcpw7pixk&pp=ygUZY29zdGNvIHJvdGlzc2VyaWUgY2hpY2tlbg%3D%3D,Costco Rotisserie Chicken Review Teaser,,costco_chicken
https://www.youtube.com/watch?v=tz8utecIP8k&pp=ygUZY29zdGNvIHJvdGlzc2VyaWUgY2hpY2tlbg%3D%3D,ASMR 1 COSTCO ROTISSERIE CHICKEN,,costco_chicken
https://www.youtube.com/watch?v=w0qNReJz0jg&pp=ygUZY29zdGNvIHJvdGlzc2VyaWUgY2hpY2tlbg%3D%3D,Costco Rotisserie Chicken and Bacon Wrap!,,costco_chicken
https://www.youtube.com/watch?v=CdDsTdnAewY&pp=ygUZY29zdGNvIHJvdGlzc2VyaWUgY2hpY2tlbg%3D%3D,COSTCO ROASTED CHICKEN FEAST In LA! Juicy Rotisserie Chicken - Mukbang w/ Asmr Eating,,costco_chicken
https://www.youtube.com/shorts/QPA56RMfvko,,,costco_chicken
https://www.youtube.com/watch?v=xvYZtYO3HP4&pp=ygUZY29zdGNvIHJvdGlzc2VyaWUgY2hpY2tlbg%3D%3D,Eating Costco Asian Wrap with Rotisserie Chicken,,costco_chicken
https://www.youtube.com/shorts/l47Gt6noi9s,,,costco_chicken
https://www.youtube.com/watch?v=9pAvRsu6dqk&pp=ygUZY29zdGNvIHJvdGlzc2VyaWUgY2hpY2tlbg%3D%3D,Schnauzer Eats Costco Rotisserie Chicken,,costco_chicken
https://www.youtube.com/watch?v=KfbaDdTn8fs&pp=ygUZY29zdGNvIHJvdGlzc2VyaWUgY2hpY2tlbg%3D%3D,2022 Costco Rotisserie Chicken again!,,costco_chicken
https://www.youtube.com/watch?v=51uc7Iy31l4&pp=ygUZY29zdGNvIHJvdGlzc2VyaWUgY2hpY2tlbg%3D%3D,Lechon Manok | Quick Lunch | COSTCO Rotisserie Chicken,,costco_chicken
https://www.youtube.com/watch?v=O5RxwM5PVN4&pp=ygUZY29zdGNvIHJvdGlzc2VyaWUgY2hpY2tlbg%3D%3D,Making Costco Rotisserie BEST Chicken Stock (easy),,costco_chicken
https://www.youtube.com/watch?v=EOEK_hfwnAE&pp=ygUZY29zdGNvIHJvdGlzc2VyaWUgY2hpY2tlbg%3D%3D,"""Costco Exposed"" campaign uses undercover video from local farm that supplies Fremont chicken plant",,costco_chicken
https://www.youtube.com/watch?v=0a77xedvPDw&pp=ygUZY29zdGNvIHJvdGlzc2VyaWUgY2hpY2tlbg%3D%3D,Chicken Ramen Using Costco Rotisserie Chicken,,costco_chicken
https://www.youtube.com/shorts/vQl1_I0IbYU,,,costco_chicken
https://www.youtube.com/shorts/HHEerth87bs,,,costco_chicken
https://www.youtube.com/shorts/X3yLnrLYieE,,,costco_chicken
https://www.youtube.com/watch?v=Dd2gtOAbFjY&pp=ygUZY29zdGNvIHJvdGlzc2VyaWUgY2hpY2tlbg%3D%3D,Rotisserie Chicken Fried Rice #costcorotisserie #costcochicken #Masarap #Yummy,,costco_chicken
https://www.youtube.com/shorts/BqhxISQXZrU,,,costco_chicken
https://www.youtube.com/shorts/V6o8_vR3iRU,,,costco_chicken
https://www.youtube.com/watch?v=M44saoqq8sI&pp=ygUZY29zdGNvIHJvdGlzc2VyaWUgY2hpY2tlbg%3D%3D,3 Lazy Keto Recipes Using a Rotisserie Chicken | Budget Recipes,,costco_chicken
https://www.youtube.com/watch?v=1azrIUXA99c&pp=ygUZY29zdGNvIHJvdGlzc2VyaWUgY2hpY2tlbg%3D%3D,Costco rotisserie chicken is back! LOL,,costco_chicken
https://www.youtube.com/shorts/iXhKnVi9kNI,,,costco_chicken
https://www.youtube.com/watch?v=0jcRHiofGOM&pp=ygUZY29zdGNvIHJvdGlzc2VyaWUgY2hpY2tlbg%3D%3D,Crockpot Rotisserie Chicken (move over Costco and Sam's),,costco_chicken
https://www.youtube.com/watch?v=BQ22U_AYBxA&pp=ygUZY29zdGNvIHJvdGlzc2VyaWUgY2hpY2tlbg%3D%3D,Costco Rotisserie Chicken RETRACTION,,costco_chicken
https://www.youtube.com/watch?v=JKU7KPR8Zjg&pp=ygUZY29zdGNvIHJvdGlzc2VyaWUgY2hpY2tlbg%3D%3D,Filipino Style Chicken Salad Using Costco Rotisserie Chicken,,costco_chicken
https://www.youtube.com/watch?v=burYvjbIRKg&pp=ygUZY29zdGNvIHJvdGlzc2VyaWUgY2hpY2tlbg%3D%3D,LECHON MANOK PAKSIW || COSTCO ROTISSERIE CHICKEN,,costco_chicken
https://www.youtube.com/watch?v=IdbrzHXT2B4&pp=ygUZY29zdGNvIHJvdGlzc2VyaWUgY2hpY2tlbg%3D%3D,Creamy Garlic Mushroom Chicken Pasta |Leftover Costco Rotisserie Chicken Recipe,,costco_chicken
https://www.youtube.com/watch?v=HwexwHr_l1E&pp=ygUZY29zdGNvIHJvdGlzc2VyaWUgY2hpY2tlbg%3D%3D,Costco Rotisserie Chicken Salad Hack,,costco_chicken
https://www.youtube.com/watch?v=q8j4GDzweJc&pp=ygUZY29zdGNvIHJvdGlzc2VyaWUgY2hpY2tlbg%3D%3D,Costco Rotisserie Chicken Dinner Part 1 #Meal on a budget,,costco_chicken
https://www.youtube.com/watch?v=MVlARzvwUw0&pp=ygUZY29zdGNvIHJvdGlzc2VyaWUgY2hpY2tlbg%3D%3D,ASMR Whole COSTCO Rotisserie CHICKEN (NO TALKING) *SAVAGE EATING (HOMEMADE CHICKEN) | TBAR-ASMR,,costco_chicken
https://www.youtube.com/shorts/fa6WqO9u8Tk,,,costco_chicken
https://www.youtube.com/watch?v=eecGr1hzQYE&pp=ygUZY29zdGNvIHJvdGlzc2VyaWUgY2hpY2tlbg%3D%3D,how to not eat a costco rotisserie chicken,,costco_chicken
https://www.youtube.com/shorts/KHQP0gdlz64,,,costco_chicken
https://www.youtube.com/shorts/ajwnhoa-IBQ,,,costco_chicken
https://www.youtube.com/watch?v=rM_hDGR1jrs&pp=ygUZY29zdGNvIHJvdGlzc2VyaWUgY2hpY2tlbg%3D%3D,"COSTCO deals you should buy || February 11, 2023 #keso #steak #rotisserie chicken üßÄü•©üçó",,costco_chicken
https://www.youtube.com/shorts/MvCZDQ9lXhs,,,costco_chicken
https://www.youtube.com/watch?v=wmN3lCkCGQk&pp=ygUZY29zdGNvIHJvdGlzc2VyaWUgY2hpY2tlbg%3D%3D,Instant Pot Rotisserie Chicken Noodle Soup,,costco_chicken
https://www.youtube.com/shorts/Cp4Qj52f-lE,,,costco_chicken
https://www.youtube.com/shorts/iKwr0pTc-4A,,,costco_chicken
https://www.youtube.com/watch?v=1HpkmVOwFPs&pp=ygUZY29zdGNvIHJvdGlzc2VyaWUgY2hpY2tlbg%3D%3D,Fresh Take Costco‚Äôs Rotisserie Chicken Supply Is At Risk Why Food Should,,costco_chicken
https://www.youtube.com/shorts/pxYJQqTXHH8,,,costco_chicken
https://www.youtube.com/watch?v=lpIVeb6NSzE&pp=ygUZY29zdGNvIHJvdGlzc2VyaWUgY2hpY2tlbg%3D%3D,Chicken and Shrimp Spring Roll | Costco Rotisserie Chicken Recipe,,costco_chicken
https://www.youtube.com/watch?v=gZJeTTmmtp8&pp=ygUZY29zdGNvIHJvdGlzc2VyaWUgY2hpY2tlbg%3D%3D,CONSUMER REPORTS: Is rotisserie chicken healthy?,,costco_chicken
https://www.youtube.com/shorts/hkTPMvhFJjQ,,,costco_chicken
https://www.youtube.com/watch?v=PV13ay4gxc0&pp=ygUZY29zdGNvIHJvdGlzc2VyaWUgY2hpY2tlbg%3D%3D,üêì What to do with that COSTCO CHICKEN - Douglas Demos,,costco_chicken
https://www.youtube.com/shorts/X0Bk1101deA,,,costco_chicken
https://www.youtube.com/watch?v=GQiVBes6HNY&pp=ygUZY29zdGNvIHJvdGlzc2VyaWUgY2hpY2tlbg%3D%3D,Whole Costco Rotisserie Chicken ‚Ä¢ MUKBANG,,costco_chicken
https://www.youtube.com/shorts/AD_HEyl8xSI,,,costco_chicken
https://www.youtube.com/watch?v=w4h3ez_0CNs&pp=ygUZY29zdGNvIHJvdGlzc2VyaWUgY2hpY2tlbg%3D%3D,Chicken Fried Rice with Lemon Grass Using Costco Rotisserie Chicken,,costco_chicken
https://www.youtube.com/shorts/lVRG5B2K-1M,,,costco_chicken
https://www.youtube.com/watch?v=TPGDi1pm8Nk&pp=ygUZY29zdGNvIHJvdGlzc2VyaWUgY2hpY2tlbg%3D%3D,YTP Joey Goes Gobble Gobble For Costco Rotisserie Chicken,,costco_chicken
https://www.youtube.com/shorts/rH6TmiHrvfA,,,costco_chicken
https://www.youtube.com/watch?v=tkwcoVQQGgU&pp=ygUZY29zdGNvIHJvdGlzc2VyaWUgY2hpY2tlbg%3D%3D,Costco rotisserie chicken,,costco_chicken
https://www.youtube.com/shorts/o1bVGh38Xso,,,costco_chicken
https://www.youtube.com/watch?v=Hm7XSgsMsHA&pp=ygUZY29zdGNvIHJvdGlzc2VyaWUgY2hpY2tlbg%3D%3D,Bone Broth Recipe from Costco Rotisserie Chicken,,costco_chicken
https://www.youtube.com/watch?v=L3dEKS9yYSc&pp=ygUZY29zdGNvIHJvdGlzc2VyaWUgY2hpY2tlbg%3D%3D,Homemade Chicken Broth from Leftover Rotisserie Chicken| Costco Rotisserie Chicken Bone Broth,,costco_chicken
https://www.youtube.com/shorts/iKPKrrRzP9k,,,costco_chicken
https://www.youtube.com/watch?v=2rAD2H54xvw&pp=ygUZY29zdGNvIHJvdGlzc2VyaWUgY2hpY2tlbg%3D%3D,Quick & Easy Creamy Costco Rotisserie Chicken Pasta Recipe,,costco_chicken
https://www.youtube.com/watch?v=Rv9JKLhY5oE&pp=ygUZY29zdGNvIHJvdGlzc2VyaWUgY2hpY2tlbg%3D%3D,Homemade Chicken Pot Pie Recipe with Costco's Rotisserie Chicken,,costco_chicken
https://www.youtube.com/watch?v=wAmi7RXuOx0&pp=ygUZY29zdGNvIHJvdGlzc2VyaWUgY2hpY2tlbg%3D%3D,costco rotisserie chicken,,costco_chicken
https://www.youtube.com/shorts/RdmcvPcTOU8,,,costco_chicken
https://www.youtube.com/watch?v=5G2Lk-y1TKk&pp=ygUZY29zdGNvIHJvdGlzc2VyaWUgY2hpY2tlbg%3D%3D,COSTCO ROTISSERIE CHICKEN watch me eat with my hands,,costco_chicken
https://www.youtube.com/watch?v=y6uB4EWiOns&pp=ygUZY29zdGNvIHJvdGlzc2VyaWUgY2hpY2tlbg%3D%3D,Recycled Chicken Adobo (Costco‚Äôs Roasted Chicken nilutong Pa-Adobo),,costco_chicken
https://www.youtube.com/shorts/BQNt_yvvqMc,,,costco_chicken
https://www.youtube.com/shorts/XGrbm_oQXGU,,,costco_chicken
https://www.youtube.com/watch?v=PEki-DfUXcE&pp=ygUZY29zdGNvIHJvdGlzc2VyaWUgY2hpY2tlbg%3D%3D,Rotisserie chicken at the back of Costco,,costco_chicken
https://www.youtube.com/shorts/3ADycZ2AXVw,,,costco_chicken
https://www.youtube.com/watch?v=o8CVG_j9w60&pp=ygUZY29zdGNvIHJvdGlzc2VyaWUgY2hpY2tlbg%3D%3D,costco rotisserie chicken tikki,,costco_chicken
https://www.youtube.com/watch?v=oC6o_VJSi8w&pp=ygUZY29zdGNvIHJvdGlzc2VyaWUgY2hpY2tlbg%3D%3D,Cook the Costco rotisserie Chicken and the eggplant this way the result is amazing. Easy to make.,,costco_chicken
https://www.youtube.com/shorts/f6nCkwESBjA,,,costco_chicken
https://www.youtube.com/watch?v=ZziwFyLFrZE&pp=ygUZY29zdGNvIHJvdGlzc2VyaWUgY2hpY2tlbg%3D%3D,Costco's Enchilada Bake with Rotisserie Chicken,,costco_chicken
https://www.youtube.com/shorts/WgXMBpNyVKU,,,costco_chicken
https://www.youtube.com/watch?v=6mdcP1q_AAE&pp=ygUZY29zdGNvIHJvdGlzc2VyaWUgY2hpY2tlbg%3D%3D,COSTCO GROCERY HAUL & MUKBANG ‚Ä¢ Trying COSTCO Rotisserie Chicken for the FIRST TIME ‚Ä¢ I spent $700?!,,costco_chicken
https://www.youtube.com/watch?v=8jeNCiJCDSA&pp=ygUZY29zdGNvIHJvdGlzc2VyaWUgY2hpY2tlbg%3D%3D,MUKBANG - Costco Rotisserie Chicken! So good!,,costco_chicken
https://www.youtube.com/shorts/C1HWiIxSxUs,,,costco_chicken
https://www.youtube.com/watch?v=Mdh5qStQWd0&pp=ygUZY29zdGNvIHJvdGlzc2VyaWUgY2hpY2tlbg%3D%3D,Costco Rotisserie Chicken Challenge,,costco_chicken
https://www.youtube.com/watch?v=I0BmUhbTHRQ&pp=ygUZY29zdGNvIHJvdGlzc2VyaWUgY2hpY2tlbg%3D%3D,COSTCO ROTISSERIE CHICKEN CHALLENGE,,costco_chicken
https://www.youtube.com/watch?v=5P4aE9V7594&pp=ygUZY29zdGNvIHJvdGlzc2VyaWUgY2hpY2tlbg%3D%3D,Kirkland Signature (Costco) Greek Pasta with Rotisserie Chicken & Dressing Review,,costco_chicken
https://www.youtube.com/shorts/muTF1JLD75E,,,costco_chicken
https://www.youtube.com/watch?v=gx7ejxfx6zc&pp=ygUZY29zdGNvIHJvdGlzc2VyaWUgY2hpY2tlbg%3D%3D,Flavorful Shredded Chicken with Lime Leaves: A Creative Costco Rotisserie Chicken Leftover Recipe,,costco_chicken
https://www.youtube.com/shorts/i7V5z0r-Mng,,,costco_chicken
https://www.youtube.com/shorts/F3-1U8Oba0k,,,costco_chicken
https://www.youtube.com/watch?v=M9MXmr4Qr24&pp=ygUZY29zdGNvIHJvdGlzc2VyaWUgY2hpY2tlbg%3D%3D,i gave a costco rotisserie chicken to stray cats,,costco_chicken
https://www.youtube.com/shorts/4x4WuPuC8S8,,,costco_chicken
https://www.youtube.com/watch?v=J9hqtbFqiEo&pp=ygUZY29zdGNvIHJvdGlzc2VyaWUgY2hpY2tlbg%3D%3D,Meal Prep With a Rotisserie Chicken so You Don't Have to Cook | Teriyaki Rotisserie Chicken Bowls,,costco_chicken
https://www.youtube.com/shorts/sl6YBL0I_bY,,,costco_chicken
https://www.youtube.com/watch?v=D23NBdUY1eg&pp=ygUZY29zdGNvIHJvdGlzc2VyaWUgY2hpY2tlbg%3D%3D,Best Oven Roasted Chicken Recipe | Better than Costco Rotisserie Chicken! A must try when so simple!,,costco_chicken
https://www.youtube.com/watch?v=o_oMxyoftYw&pp=ygUZY29zdGNvIHJvdGlzc2VyaWUgY2hpY2tlbg%3D%3D,COSTCO ROTISSERIE CHICKEN WITH GRAVY | MUKBANG PHILIPPINES | WITH @AkisASMR,,costco_chicken
https://www.youtube.com/watch?v=OAl4iaITI8E&pp=ygUZY29zdGNvIHJvdGlzc2VyaWUgY2hpY2tlbg%3D%3D,Look What You Can Make with - COSTCO Rotisserie Chicken,,costco_chicken
https://www.youtube.com/shorts/_8r18slLVbU,,,costco_chicken
https://www.youtube.com/shorts/VqWvq1LbiIg,,,costco_chicken
https://www.youtube.com/shorts/Ro2ukAGjpGI,,,costco_chicken
https://www.youtube.com/watch?v=oxCZTV8VHb4&pp=ygUZY29zdGNvIHJvdGlzc2VyaWUgY2hpY2tlbg%3D%3D,Make bone broth using Costco rotisserie chicken for your pet,,costco_chicken
https://www.youtube.com/watch?v=PXlSkQzOfOU&pp=ygUZY29zdGNvIHJvdGlzc2VyaWUgY2hpY2tlbg%3D%3D,Chicken Bones to Bone Broth (Even from a rotisserie chicken!),,costco_chicken
https://www.youtube.com/watch?v=552gAuQsiq0&pp=ygUZY29zdGNvIHJvdGlzc2VyaWUgY2hpY2tlbg%3D%3D,"Kickin Chicken Corn Chowder Recipe - Costco Rotisserie Chicken - Bulk Buy, Batch Cook, Portion Pack",,costco_chicken
https://www.youtube.com/watch?v=k2kfSwVBsu8&pp=ygUZY29zdGNvIHJvdGlzc2VyaWUgY2hpY2tlbg%3D%3D,How to breakdown a Costco / BJ‚ÄôS / Sam‚Äôs Club Rotisserie Chicken,,costco_chicken
https://www.youtube.com/watch?v=GfwAb1t31SE&pp=ygUZY29zdGNvIHJvdGlzc2VyaWUgY2hpY2tlbg%3D%3D,eating a costco rotisserie chicken in one sitting,,costco_chicken
https://www.youtube.com/shorts/rWPAo5mNuG4,,,costco_chicken
https://www.youtube.com/watch?v=V_lcuKmsrEM&pp=ygUZY29zdGNvIHJvdGlzc2VyaWUgY2hpY2tlbg%3D%3D,4 Easy Ways to Meal Prep Rotisserie Chicken | Healthy Recipes | Lunch | Dinner | Costco Chicken,,costco_chicken
https://www.youtube.com/watch?v=jY6MtX0KT1E&pp=ygUZY29zdGNvIHJvdGlzc2VyaWUgY2hpY2tlbg%3D%3D,Costco Rotisserie Chicken Salad Warning,,costco_chicken
https://www.youtube.com/shorts/A6ShTlIn62c,,,costco_chicken
https://www.youtube.com/watch?v=kEVq_ApswKU&pp=ygUZY29zdGNvIHJvdGlzc2VyaWUgY2hpY2tlbg%3D%3D,Costco Yakisoba Noodles With Rotisserie Chicken Review,,costco_chicken
https://www.youtube.com/shorts/UZCPCWsMTuY,,,costco_chicken
https://www.youtube.com/watch?v=-OI099RtbF8&pp=ygUZY29zdGNvIHJvdGlzc2VyaWUgY2hpY2tlbg%3D%3D,Costco Rotisserie Chicken hack! Get 3 separate sets of meals from 1 $5 chicken.,,costco_chicken
https://www.youtube.com/watch?v=6lTVe6maGqw&pp=ygUZY29zdGNvIHJvdGlzc2VyaWUgY2hpY2tlbg%3D%3D,I Try Costco's $4 Rotisserie Chicken,,costco_chicken
https://www.youtube.com/watch?v=DNkrYMWyGfE&pp=ygUZY29zdGNvIHJvdGlzc2VyaWUgY2hpY2tlbg%3D%3D,How to Freeze Dry COSTCO ROTISSERIE CHICKEN! Step-by-step process with bonus DINNER RECIPE!,,costco_chicken
https://www.youtube.com/shorts/_RPrCKENsDw,,,costco_chicken
https://www.youtube.com/watch?v=pHOSex0Atmw&pp=ygUZY29zdGNvIHJvdGlzc2VyaWUgY2hpY2tlbg%3D%3D,How Many Costco Rotisserie Chickens Can I Eat In An Hour? [Feast Challenge],,costco_chicken
https://www.youtube.com/watch?v=2AJFVWVyO70&pp=ygUZY29zdGNvIHJvdGlzc2VyaWUgY2hpY2tlbg%3D%3D,Eats Joaqui! - Costco Rotisserie Chicken,,costco_chicken
https://www.youtube.com/watch?v=KgvwYYskOFY&pp=ygUZY29zdGNvIHJvdGlzc2VyaWUgY2hpY2tlbg%3D%3D,WARNING: When going to Costco for Rotisserie Chicken//Bad for your bank account!/,,costco_chicken
https://www.youtube.com/watch?v=Tm582dF1fS4&pp=ygUZY29zdGNvIHJvdGlzc2VyaWUgY2hpY2tlbg%3D%3D,COSTCO ROTISSERIE CHICKEN// Chicken SISIG with Chicharron and Egg,,costco_chicken
https://www.youtube.com/watch?v=osfsSG2nALE&pp=ygUZY29zdGNvIHJvdGlzc2VyaWUgY2hpY2tlbg%3D%3D,Costco Chicken Enchiladas Review,,costco_chicken
https://www.youtube.com/watch?v=SH-5CLtzwsY&pp=ygUZY29zdGNvIHJvdGlzc2VyaWUgY2hpY2tlbg%3D%3D,Kirkland Signature (Costco) Roasted Chicken Sandwich & Caesar Salad Review,,costco_chicken
https://www.youtube.com/shorts/z8Rkpx5C3pE,,,costco_chicken
https://www.youtube.com/watch?v=U8zYVaqA_9o&pp=ygUZY29zdGNvIHJvdGlzc2VyaWUgY2hpY2tlbg%3D%3D,Freeze dried Costco rotisserie chicken for delicious quick meals!,,costco_chicken
https://www.youtube.com/watch?v=gnUen7qsDEE&pp=ygUZY29zdGNvIHJvdGlzc2VyaWUgY2hpY2tlbg%3D%3D,Koko vs Costco Rotisserie Chicken,,costco_chicken
https://www.youtube.com/watch?v=Y4loD9V3-H0&pp=ygUZY29zdGNvIHJvdGlzc2VyaWUgY2hpY2tlbg%3D%3D,Whole Rotisserie Chicken ‚Ä¢ Savage Eating Sounds ‚Ä¢ MUKBANG,,costco_chicken
https://www.youtube.com/watch?v=_37VQrNS6fE&pp=ygUZY29zdGNvIHJvdGlzc2VyaWUgY2hpY2tlbg%3D%3D,Can You get A Rotisserie Chicken At The New Shanghai Costco?,,costco_chicken
https://www.youtube.com/shorts/zjWahvDRV7A,,,costco_chicken
https://www.youtube.com/watch?v=0d_9SJta5go&pp=ygUZY29zdGNvIHJvdGlzc2VyaWUgY2hpY2tlbg%3D%3D,How to can rotisserie chicken,,costco_chicken
https://www.youtube.com/watch?v=Xj4fywDmw8U&pp=ygUZY29zdGNvIHJvdGlzc2VyaWUgY2hpY2tlbg%3D%3D,Costco Day Old 3/2 Rotisserie Chicken $5.99 and Ribs for 4.99/lb. 20% and 33% savings. Cheap.,,costco_chicken
https://www.youtube.com/watch?v=Kegizge1p2s&pp=ygUZY29zdGNvIHJvdGlzc2VyaWUgY2hpY2tlbg%3D%3D,How to make 4 meals & Chicken stock from a $5 Costco chicken Part 1,,costco_chicken
https://www.youtube.com/watch?v=dBiw4Ohaz10&pp=ygUZY29zdGNvIHJvdGlzc2VyaWUgY2hpY2tlbg%3D%3D,Costco rotisserie Chicken review,,costco_chicken
https://www.youtube.com/shorts/bMTTSX6HEDI,,,costco_chicken
https://www.youtube.com/watch?v=nORgQEP6WYo&pp=ygUZY29zdGNvIHJvdGlzc2VyaWUgY2hpY2tlbg%3D%3D,How to cut and debone a rotisserie chicken,,costco_chicken
https://www.youtube.com/shorts/gMb98ZAYTK0,,,costco_chicken
https://www.youtube.com/watch?v=T_rLMVRNrZI&pp=ygUZY29zdGNvIHJvdGlzc2VyaWUgY2hpY2tlbg%3D%3D,Dr. Hungry: JUICY AND TENDER Costco Rotisserie Chicken Mukbang W/ Chinese Eggplant Dish,,costco_chicken
https://www.youtube.com/shorts/hViqyrMQibY,,,costco_chicken
https://www.youtube.com/shorts/qleGM9VRqqY,,,costco_chicken
https://www.youtube.com/watch?v=6d8B7RAx_CE&pp=ygUZY29zdGNvIHJvdGlzc2VyaWUgY2hpY2tlbg%3D%3D,How to make simple delicious noodles soup with Costco rotisserie chicken. #retiredsam‚Äôslife,,costco_chicken
https://www.youtube.com/watch?v=u0kaU-Im6hc&pp=ygUZY29zdGNvIHJvdGlzc2VyaWUgY2hpY2tlbg%3D%3D,Hunt your own Costco rotisserie chicken night,,costco_chicken
https://www.youtube.com/shorts/X_Y54z3mpBI,,,costco_chicken
https://www.youtube.com/shorts/BbuLIAGMAcI,,,costco_chicken
https://www.youtube.com/watch?v=Iriwazvw2hw&pp=ygUZY29zdGNvIHJvdGlzc2VyaWUgY2hpY2tlbg%3D%3D,"I Freeze Dried and Rehydrate BBQ Pulled Pork, Costco Rotisserie Chicken, Cauliflower And Fig Cake.",,costco_chicken
https://www.youtube.com/watch?v=KgdN3MXmxtI&pp=ygUZY29zdGNvIHJvdGlzc2VyaWUgY2hpY2tlbg%3D%3D,COSTCO ROTISSERIE CHICKEN & CAESAR SALAD | What‚Äôs for Dinner? PHILLIPS FamBam,,costco_chicken
https://www.youtube.com/watch?v=MGaWZLmBkSQ&pp=ygUZY29zdGNvIHJvdGlzc2VyaWUgY2hpY2tlbg%3D%3D,Costco's Famous Rotisserie Chicken,,costco_chicken
https://www.youtube.com/watch?v=TqGBcEeHcFk&pp=ygUZY29zdGNvIHJvdGlzc2VyaWUgY2hpY2tlbg%3D%3D,Spiceology X Costco Haul: Smoky Honey Habanero Rotisserie Chicken Pesto Sandwich Recipe,,costco_chicken
https://www.youtube.com/watch?v=6or5nvc3dQQ&pp=ygUZY29zdGNvIHJvdGlzc2VyaWUgY2hpY2tlbg%3D%3D,What do you eat at Costco? The WHOLE rotisserie chicken???!!! Jive Guys #02,,costco_chicken
https://www.youtube.com/watch?v=Uv_iXU9woFA&pp=ygUZY29zdGNvIHJvdGlzc2VyaWUgY2hpY2tlbg%3D%3D,Eating Costco Rotisserie Chicken Carcass,,costco_chicken
https://www.youtube.com/shorts/KDMmGEijoPg,,,costco_chicken
https://www.youtube.com/shorts/_oKVGgQjqRg,,,costco_chicken
https://www.youtube.com/watch?v=hBLAnh1CuS4&pp=ygUZY29zdGNvIHJvdGlzc2VyaWUgY2hpY2tlbg%3D%3D,Costco's BEST Rotisserie Chicken Lunch Ideaüí°,,costco_chicken
https://www.youtube.com/shorts/-Vt9Ha2LOVY,,,costco_chicken
https://www.youtube.com/watch?v=O5JVZl2AZX0&pp=ygUZY29zdGNvIHJvdGlzc2VyaWUgY2hpY2tlbg%3D%3D,COSTCO rotisserie chicken pickup turns to entrepreneur rant üò° | ‚òÉÔ∏è‚ùÑÔ∏è VLOGMAS DAY 3‚ùÑÔ∏è‚òÉÔ∏è,,costco_chicken
https://www.youtube.com/shorts/vvM9tCHmEGE,,,costco_chicken
https://www.youtube.com/watch?v=GX-Ft17YcOE&pp=ygUZY29zdGNvIHJvdGlzc2VyaWUgY2hpY2tlbg%3D%3D,I will NEVER üëéüèΩ Buy a Costco Rotisserie Chicken üçó no wonder it‚Äôs $5,,costco_chicken
https://www.youtube.com/shorts/5F_lJmcCkDU,,,costco_chicken
https://www.youtube.com/shorts/k89OcGeRXWI,,,costco_chicken
https://www.youtube.com/watch?v=d3fAB-sYLKE&pp=ygUZY29zdGNvIHJvdGlzc2VyaWUgY2hpY2tlbg%3D%3D,Kirkland Signature Seasoned Rotisserie Chicken and Roasted Garlic Chicken Legs (Costco Food Review),,costco_chicken
https://www.youtube.com/shorts/KRIFQHZ5xwM,,,costco_chicken
https://www.youtube.com/shorts/ighM4rDGwN8,,,costco_chicken
https://www.youtube.com/watch?v=FA1lr9MBmdM&pp=ygUZY29zdGNvIHJvdGlzc2VyaWUgY2hpY2tlbg%3D%3D,"Costco Rotisserie chicken let's make ""PLAUTAS""",,costco_chicken
https://www.youtube.com/watch?v=CP1svJK8ypI&pp=ygUZY29zdGNvIHJvdGlzc2VyaWUgY2hpY2tlbg%3D%3D,Rotisserie Chicken Stir Fry | What To Do With Leftovers Chicken | How To Cook Stir Fry | #StirFry,,costco_chicken
https://www.youtube.com/watch?v=_9frGphKc1s&pp=ygUZY29zdGNvIHJvdGlzc2VyaWUgY2hpY2tlbg%3D%3D,DON'T THROW THIS AWAY! | Ping Pong Mama's Costco Rotisserie Chicken Broth,,costco_chicken
https://www.youtube.com/watch?v=saGrn__LrcM&pp=ygUZY29zdGNvIHJvdGlzc2VyaWUgY2hpY2tlbg%3D%3D,Costco New Zealand Food Court Food and Rotisserie Chicken Review,,costco_chicken
https://www.youtube.com/watch?v=uD0rYfm24lg&pp=ygUZY29zdGNvIHJvdGlzc2VyaWUgY2hpY2tlbg%3D%3D,Costco Rotisserie Chicken Review - $4.99 Deal Kirkland Signature Brand Unwrapping #foodreview,,costco_chicken
https://www.youtube.com/watch?v=kQorPcgdY6I&pp=ygUZY29zdGNvIHJvdGlzc2VyaWUgY2hpY2tlbg%3D%3D,How to make KETO Rotisserie Chicken Salad,,costco_chicken
https://www.youtube.com/shorts/DvdrU1e8GrM,,,costco_chicken
https://www.youtube.com/watch?v=pXC_xfT2TMI&pp=ygUZY29zdGNvIHJvdGlzc2VyaWUgY2hpY2tlbg%3D%3D,How to Break Down a Rotisserie Chicken & Easily Shred the Chicken,,costco_chicken
https://www.youtube.com/shorts/NRjGF4JuNq8,,,costco_chicken
https://www.youtube.com/watch?v=VcQADGWb2XY&pp=ygUZY29zdGNvIHJvdGlzc2VyaWUgY2hpY2tlbg%3D%3D,$5 Rotisserie Chicken from Costco,,costco_chicken
https://www.youtube.com/watch?v=KtUjE0Wzf2c&pp=ygUZY29zdGNvIHJvdGlzc2VyaWUgY2hpY2tlbg%3D%3D,"Costco rotisserie chicken for 3 meals, lunch box done| CostcoÁÉ§È∏°‰∏ÄÈ∏°Â§öÂêÉÔºåÊêûÂÆö‰∏âÈ°øÈ•≠ÔºåËÄÅÂÖ¨Â≠©Â≠êÂ∏¶È•≠ÈÉΩ‰∏çÊÑÅÔºÅ",,costco_chicken
https://www.youtube.com/shorts/m9ziMT9f2XQ,,,costco_chicken
https://www.youtube.com/watch?v=NwFfszWvvMc&pp=ygUZY29zdGNvIHJvdGlzc2VyaWUgY2hpY2tlbg%3D%3D,Costco's Rotisserie Chicken in 2014,,costco_chicken
https://www.youtube.com/watch?v=AZN1cj-t3Vk&pp=ygUZY29zdGNvIHJvdGlzc2VyaWUgY2hpY2tlbg%3D%3D,"Costco Rotisserie Chicken, salad and shrimp ASMR",,costco_chicken
https://www.youtube.com/shorts/gytTtKYu8PI,,,costco_chicken
https://www.youtube.com/watch?v=Ixtd8F8sE5Q&pp=ygUZY29zdGNvIHJvdGlzc2VyaWUgY2hpY2tlbg%3D%3D,vlog | Easy Farfalle Pasta Recipeüçù using Leftover Costco Rotisserie Chicken üçó,,costco_chicken
https://www.youtube.com/shorts/vkGLZjWeiBQ,,,costco_chicken
https://www.youtube.com/watch?v=jHN94yRkE1E&pp=ygUZY29zdGNvIHJvdGlzc2VyaWUgY2hpY2tlbg%3D%3D,"THANKSGIVING FEAST MUKBANG! Turkey Stuffing, Costco Rotisserie Chicken, Mash Potatoes - Asmr Eating",,costco_chicken
https://www.youtube.com/shorts/RkVtSw3wl6A,,,costco_chicken
https://www.youtube.com/shorts/6kRL8hheQxE,,,costco_chicken
https://www.youtube.com/shorts/8hy3e3pAWC8,,,costco_chicken
https://www.youtube.com/shorts/YIPC42K18sg,,,costco_chicken
https://www.youtube.com/watch?v=j9AZEQxBFJk&pp=ygUZY29zdGNvIHJvdGlzc2VyaWUgY2hpY2tlbg%3D%3D,ASMR WHOLE ROTISSERIE CHICKEN MUKBANG (No Talking) SAVAGE EATING SOUNDS | Zach Choi ASMR,,costco_chicken
https://www.youtube.com/watch?v=yqiSZpGkajE&pp=ygUZY29zdGNvIHJvdGlzc2VyaWUgY2hpY2tlbg%3D%3D,SOFT TINGLY ASMR SOUNDS - COSTCO ROTISSERIE CHICKEN (EATING SOUNDS),,costco_chicken
https://www.youtube.com/shorts/UzejwoZwgZ8,,,costco_chicken
https://www.youtube.com/watch?v=OpltwjDgGos&pp=ygUZY29zdGNvIHJvdGlzc2VyaWUgY2hpY2tlbg%3D%3D,TRYING COSTCO ROTISSERIE CHICKEN MUKBANG || GONE WRONG,,costco_chicken
https://www.youtube.com/watch?v=WwMOiz9FqqU&pp=ygUZY29zdGNvIHJvdGlzc2VyaWUgY2hpY2tlbg%3D%3D,Can I Speed Eat a Costco Entire Rotisserie Chicken - and more!,,costco_chicken
https://www.youtube.com/watch?v=hZZIRZapip8&pp=ygUZY29zdGNvIHJvdGlzc2VyaWUgY2hpY2tlbg%3D%3D,Costco Garlic Pepper Seasoned Chicken Drumsticks Review,,costco_chicken
https://www.youtube.com/watch?v=NFTdeUnAuWQ&pp=ygUZY29zdGNvIHJvdGlzc2VyaWUgY2hpY2tlbg%3D%3D,Ryan's Costco Haul / Best Rotisserie Chicken / My Lunch & Snacks,,costco_chicken
https://www.youtube.com/watch?v=6AiyOzVBFqc&pp=ygUZY29zdGNvIHJvdGlzc2VyaWUgY2hpY2tlbg%3D%3D,Vlog cooking leftover Costco Rotisserie Chicken - Frying it with spices (Cooking Vlog),,costco_chicken
https://www.youtube.com/shorts/u1oAibanXCQ,,,costco_chicken
https://www.youtube.com/watch?v=rmeIgT4I2CA&pp=ygUZY29zdGNvIHJvdGlzc2VyaWUgY2hpY2tlbg%3D%3D,Eating Whole Rotisserie Chicken from Costco,,costco_chicken
https://www.youtube.com/watch?v=RVYFkjj6QgQ&pp=ygUZY29zdGNvIHJvdGlzc2VyaWUgY2hpY2tlbg%3D%3D,[Instant Pot] Korean Rice Chicken Porridge (feat. Costco rotisserie chicken) - Îã≠Ï£Ω Cooking Sounds,,costco_chicken
https://www.youtube.com/watch?v=qZJjjUf3R3Y&pp=ygUZY29zdGNvIHJvdGlzc2VyaWUgY2hpY2tlbg%3D%3D,Asmr/Muckbang Costco Whole Rotisserie Chicken.,,costco_chicken
https://www.youtube.com/watch?v=wg5ocNMn4zg&pp=ygUZY29zdGNvIHJvdGlzc2VyaWUgY2hpY2tlbg%3D%3D,Chicken stock with Costco rotisserie chicken bones,,costco_chicken
https://www.youtube.com/shorts/s3gd6RlICcU,,,costco_chicken
https://www.youtube.com/watch?v=BpsGNxAKX-8&pp=ygUZY29zdGNvIHJvdGlzc2VyaWUgY2hpY2tlbg%3D%3D,Costco rotisserie chicken sisig / Air fryer chicken skin chicharon,,costco_chicken
https://www.youtube.com/shorts/UzG908BO2h4,,,costco_chicken
https://www.youtube.com/watch?v=Kc317INg4S8&pp=ygUZY29zdGNvIHJvdGlzc2VyaWUgY2hpY2tlbg%3D%3D,COSTCO Roasted Chicken in Sinigang Mix #pinoyfood #chefmalu #panglasangmekeni,,costco_chicken
https://www.youtube.com/shorts/J68XLV_t8z0,,,costco_chicken
https://www.youtube.com/watch?v=HfSEK5_jekY&pp=ygUZY29zdGNvIHJvdGlzc2VyaWUgY2hpY2tlbg%3D%3D,Cat Eats Costco Rotisserie Chicken With Turkey Giblets & Chicken Liver,,costco_chicken
https://www.youtube.com/shorts/64RlWsFrIXc,,,costco_chicken
https://www.youtube.com/watch?v=1VdFez1kXCA&pp=ygUZY29zdGNvIHJvdGlzc2VyaWUgY2hpY2tlbg%3D%3D,Reviewing Costco's Roasted Chicken sandwich with Caesar salad | Chef Dawg,,costco_chicken
https://www.youtube.com/watch?v=SIhiaD7salI&pp=ygUZY29zdGNvIHJvdGlzc2VyaWUgY2hpY2tlbg%3D%3D,COSTCO DINNER ROTISSERIE CHICKEN ANG SARAP,,costco_chicken
https://www.youtube.com/watch?v=8VVlnctAQBg&pp=ygUZY29zdGNvIHJvdGlzc2VyaWUgY2hpY2tlbg%3D%3D,Quick Apple Chicken Spring Roll using leftover Costco Rotisserie chicken breast & apple ÏÇ¨Í≥º ÏπòÌÇ® Ïä§ÌîÑÎßÅÎ°§,,costco_chicken
https://www.youtube.com/shorts/z8qeIgitqX0,,,costco_chicken
https://www.youtube.com/shorts/HfU1aB6kpj0,,,costco_chicken
https://www.youtube.com/shorts/tPxywPwK8t8,,,costco_chicken
https://www.youtube.com/shorts/tKyR938xlzM,,,costco_chicken
https://www.youtube.com/shorts/LFSdaJ5uc10,,,costco_chicken
https://www.youtube.com/watch?v=mMdaBajzJDA&pp=ygUZY29zdGNvIHJvdGlzc2VyaWUgY2hpY2tlbg%3D%3D,Costco Chicken Comes at a Huge Price,,costco_chicken
https://www.youtube.com/watch?v=hpKfvHLQmNY&pp=ygUZY29zdGNvIHJvdGlzc2VyaWUgY2hpY2tlbg%3D%3D,$4.99 For A Costco's Rotisserie Chicken Very Cheapüòã,,costco_chicken
https://www.youtube.com/watch?v=EIB-2TgEK9M&pp=ygUZY29zdGNvIHJvdGlzc2VyaWUgY2hpY2tlbg%3D%3D,Underappreciated Costco Items You'll Wish You Knew About Sooner,,costco_chicken
https://www.youtube.com/watch?v=QKijWbkF7Bk&pp=ygUZY29zdGNvIHJvdGlzc2VyaWUgY2hpY2tlbg%3D%3D,Rotisserie chicken to Shawarma Sandwich,,costco_chicken
https://www.youtube.com/shorts/RxZzITbNWtk,,,costco_chicken
https://www.youtube.com/watch?v=nD-yP1tx7pc&pp=ygUZY29zdGNvIHJvdGlzc2VyaWUgY2hpY2tlbg%3D%3D,Who has the healthiest rotisserie chicken?,,costco_chicken
https://www.youtube.com/shorts/dvGe1IeGFCg,,,costco_chicken
https://www.youtube.com/watch?v=XyKMKhVKSTs&pp=ygUZY29zdGNvIHJvdGlzc2VyaWUgY2hpY2tlbg%3D%3D,Costco me Itni variety ki wine üò≥|How Rotisserie chicken is cooked,,costco_chicken
https://www.youtube.com/watch?v=wgczHOhfxWU&pp=ygUZY29zdGNvIHJvdGlzc2VyaWUgY2hpY2tlbg%3D%3D,ASMR Costco $5 Whole Rotisserie Chicken EATING SOUNDS - HUNGRY CAKES,,costco_chicken
https://www.youtube.com/watch?v=qKhK_zAB0Ao&pp=ygUZY29zdGNvIHJvdGlzc2VyaWUgY2hpY2tlbg%3D%3D,Chicken sisig using leftover Rotisserie chicken | ShareeLynPw on Food Etc.,,costco_chicken
https://www.youtube.com/watch?v=JLu3UHPvTuk&pp=ygUZY29zdGNvIHJvdGlzc2VyaWUgY2hpY2tlbg%3D%3D,COSTCO ROTISSERIE CHICKEN MUKBANG (EATING SHOW),,costco_chicken
https://www.youtube.com/shorts/vIbZobMRmP8,,,costco_chicken
https://www.youtube.com/shorts/Lne_bagI2Kc,,,costco_chicken
https://www.youtube.com/watch?v=Tg4AK5xWQtE&pp=ygUZY29zdGNvIHJvdGlzc2VyaWUgY2hpY2tlbg%3D%3D,Coronavirus CoViD-19 Outbreak World Video USA: Costco Having A Rotisserie Chicken Sale In New York?,,costco_chicken
https://www.youtube.com/shorts/IaeB7isq20o,,,costco_chicken
https://www.youtube.com/watch?v=OHtQ7uRdy2I&pp=ygUZY29zdGNvIHJvdGlzc2VyaWUgY2hpY2tlbg%3D%3D,How To Pick The Best Grocery Store Rotisserie Chicken Every Time,,costco_chicken
https://www.youtube.com/shorts/vzi7uI8mLls,,,costco_chicken
https://www.youtube.com/watch?v=QtcRRKnS2SI&pp=ygUZY29zdGNvIHJvdGlzc2VyaWUgY2hpY2tlbg%3D%3D,"Costco Has Great Ribs, Pastrami, Shrimp & Rotisserie Chicken",,costco_chicken
https://www.youtube.com/watch?v=owUitkVtubk&pp=ygUZY29zdGNvIHJvdGlzc2VyaWUgY2hpY2tlbg%3D%3D,The Best Way To Carve A Whole Chicken | Epicurious,,costco_chicken
https://www.youtube.com/watch?v=hSwzTLBO9F8&pp=ygUZY29zdGNvIHJvdGlzc2VyaWUgY2hpY2tlbg%3D%3D,"Costco Rotisserie Chicken - fully utilize; not a cent is wasted Â•ΩÂ∏ÇÂ§ö ÁÉ§Èõû ÂêÉÁõ° Áî®Áõ°, ‰∏ÄÂàÜÈå¢‰πü‰∏çÊµ™Ë≤ª „Ç≥„Çπ„Éà„Ç≥ „ÉÅ„Ç≠„É≥ ÂçÅÂàÜ„Å´Ê¥ªÁî®",,costco_chicken
https://www.youtube.com/watch?v=RAxMA9h91oA&pp=ygUZY29zdGNvIHJvdGlzc2VyaWUgY2hpY2tlbg%3D%3D,that one rotisserie chicken at costco,,costco_chicken
https://www.youtube.com/watch?v=LMgOL-WFu6M&pp=ygUZY29zdGNvIHJvdGlzc2VyaWUgY2hpY2tlbg%3D%3D,Indoor Pet Cat Eats Rotisserie Chicken üêî Costco Turkey Giblets Special Kitty Walmart & Ligaments,,costco_chicken
https://www.youtube.com/shorts/ibYAAeXzNvQ,,,costco_chicken
https://www.youtube.com/shorts/ZbA-0cZCAuE,,,costco_chicken
https://www.youtube.com/watch?v=n0lPRRLkdN0&pp=ygUZY29zdGNvIHJvdGlzc2VyaWUgY2hpY2tlbg%3D%3D,Shopping At Costco For Meat & Seafood - What To Buy & Avoid,,costco_chicken
https://www.youtube.com/watch?v=6_P_6dGU1qM&pp=ygUZY29zdGNvIHJvdGlzc2VyaWUgY2hpY2tlbg%3D%3D,A 10-minute meal EASY | Rotisserie Chicken Recipe Idea!,,costco_chicken
https://www.youtube.com/shorts/R1-NhbfmLE0,,,costco_chicken
https://www.youtube.com/watch?v=6aZ1TuTBqdA&pp=ygUZY29zdGNvIHJvdGlzc2VyaWUgY2hpY2tlbg%3D%3D,Why Costco Will Never Raise The Price on Chicken | The Economics of Costco,,costco_chicken
https://www.youtube.com/watch?v=wdDbgx7wIpI&pp=ygUZY29zdGNvIHJvdGlzc2VyaWUgY2hpY2tlbg%3D%3D,COSTCO ROTISSERIE CHICKEN AND KETTLE CHIPS ASMR NO TALKING,,costco_chicken
https://www.youtube.com/watch?v=5JwIvIEbK3w&pp=ygUZY29zdGNvIHJvdGlzc2VyaWUgY2hpY2tlbg%3D%3D,11 easy ways to do up some Costco rotisserie chicken & Trader Joe's organic peas üêîü§ëüá∫üá∏,,costco_chicken
https://www.youtube.com/watch?v=XjhbmuthIHE&pp=ygUZY29zdGNvIHJvdGlzc2VyaWUgY2hpY2tlbg%3D%3D,ASMR Oatmeal Fufu with Costco Rotisserie Chicken üçó,,costco_chicken
https://www.youtube.com/watch?v=chaQ0xGPtb4&pp=ygUZY29zdGNvIHJvdGlzc2VyaWUgY2hpY2tlbg%3D%3D,Repurposing Costco whole rotisserie chicken into bbq chicken on the grill!,,costco_chicken
https://www.youtube.com/watch?v=7helogkJEeE&pp=ygUZY29zdGNvIHJvdGlzc2VyaWUgY2hpY2tlbg%3D%3D,Banned Costco Rotisserie Chicken Ad-HAPPY THANKSGIVING!,,costco_chicken
https://www.youtube.com/watch?v=95dpIiuTfcU&pp=ygUZY29zdGNvIHJvdGlzc2VyaWUgY2hpY2tlbg%3D%3D,EATING WHOLE ROTISSERIE CHICKEN COUPLES CHALLENGE || MUKBANG WHOLE CHICKEN WITH SALSA || COSTCO 4K,,costco_chicken
https://www.youtube.com/watch?v=MPYhVgtOKc4&pp=ygUZY29zdGNvIHJvdGlzc2VyaWUgY2hpY2tlbg%3D%3D,Rotisserie chicken prices holding steady,,costco_chicken
https://www.youtube.com/watch?v=KW1X2jvF9Tk&pp=ygUZY29zdGNvIHJvdGlzc2VyaWUgY2hpY2tlbg%3D%3D,Costco Chicken Pot Pie | Chef Dawg,,costco_chicken
https://www.youtube.com/watch?v=gmw6QDnbZ6E&pp=ygUZY29zdGNvIHJvdGlzc2VyaWUgY2hpY2tlbg%3D%3D,Japanese Curry Rice with Costco rotisserie chicken „ÄÄ„Ç≥„Çπ„Éà„Ç≥ „É≠„ÉÜ„Ç£„Çµ„É™„Éº„ÉÅ„Ç≠„É≥„ÅÆÈ™®„Åã„Çâ„Å®„Çã„Çπ„Éº„Éó„Çí‰Ωø„Å£„Åü„Ç´„É¨„Éº,,costco_chicken
https://www.youtube.com/watch?v=sobxGMdSsIM&pp=ygUZY29zdGNvIHJvdGlzc2VyaWUgY2hpY2tlbg%3D%3D,Costco Dinner! Rotisserie | Steamed Broccoli | Chicken Alfredo,,costco_chicken
https://www.youtube.com/watch?v=QZDg1hlrtlk&pp=ygUZY29zdGNvIHJvdGlzc2VyaWUgY2hpY2tlbg%3D%3D,5 WAYS to use rotisserie chicken for dinner #subscribe,,costco_chicken
https://www.youtube.com/watch?v=aGxAzdRlpGI&pp=ygUZY29zdGNvIHJvdGlzc2VyaWUgY2hpY2tlbg%3D%3D,How to Pull a Rotisserie Chicken: Shredded Chicken Made Easy!,,costco_chicken
https://www.youtube.com/watch?v=km2eatn2GFc&pp=ygUZY29zdGNvIHJvdGlzc2VyaWUgY2hpY2tlbg%3D%3D,Costco Rotisserie Chicken - Don't Throw Away the Container ! Â•ΩÂ∏ÇÂ§ö ÁÉ§Èõû ÁõíÂ≠ê ÂçÉËê¨‰∏çË¶ÅÊ£ÑÊéâ Â§öÁî®ÈÄî „Ç≥„Çπ„Éà„Ç≥ „ÉÅ„Ç≠„É≥ Â§öÁõÆÁöÑ„Ç≥„É≥„ÉÜ„Éä,,costco_chicken
https://www.youtube.com/watch?v=fJqjfXeg0Ro&pp=ygUZY29zdGNvIHJvdGlzc2VyaWUgY2hpY2tlbg%3D%3D,Chicken Soup Recipe | Costco Shopping For Rotisserie Chicken | Fall Recipe | Gluten Free Life For Us,,costco_chicken
https://www.youtube.com/watch?v=Io8TjIMSggY&pp=ygUZY29zdGNvIHJvdGlzc2VyaWUgY2hpY2tlbg%3D%3D,"Cost Analysis: Comparing Rotisserie Chicken (Costco, Walmart, Market Basket & Homemade)",,costco_chicken
https://www.youtube.com/watch?v=AwscZcj_qVA&pp=ygUZY29zdGNvIHJvdGlzc2VyaWUgY2hpY2tlbg%3D%3D,Rotisserie Chicken Deboning FAST!!!,,costco_chicken
https://www.youtube.com/shorts/K_etFO8-tkE,,,costco_chicken
https://www.youtube.com/watch?v=0UU_K2MeMFs&pp=ygUZY29zdGNvIHJvdGlzc2VyaWUgY2hpY2tlbg%3D%3D,NEW ROD OF AGES TURNED MY RYZE INTO COSTCO ROTISSERIE CHICKEN,,costco_chicken
https://www.youtube.com/watch?v=XFwMcC7GFN8&pp=ygUZY29zdGNvIHJvdGlzc2VyaWUgY2hpY2tlbg%3D%3D,Eating a Costco rotisserie chicken,,costco_chicken
https://www.youtube.com/watch?v=Ac_ooimPNa8&pp=ygUZY29zdGNvIHJvdGlzc2VyaWUgY2hpY2tlbg%3D%3D,Grab these COSTCO HOT BUYS before they are gone. ONE WEEK ONLY!,,costco_chicken
https://www.youtube.com/watch?v=JrfeQBgU9jQ&pp=ygUZY29zdGNvIHJvdGlzc2VyaWUgY2hpY2tlbg%3D%3D,really want to know the story about tapping a rotisserie chicken,,costco_chicken
https://www.youtube.com/watch?v=x2A5Idn1NvI&pp=ygUZY29zdGNvIHJvdGlzc2VyaWUgY2hpY2tlbg%3D%3D,Finally Money For Costco! A weeks groceries for 3 adults,,costco_chicken
https://www.youtube.com/watch?v=A-mWSLJ59w8&pp=ygUZY29zdGNvIHJvdGlzc2VyaWUgY2hpY2tlbg%3D%3D,Rotisserie Chicken ÔøºMUKBANG | Eating Show | Î®πÎ∞© Î®πÎ∞© Ïáº,,costco_chicken
https://www.youtube.com/watch?v=BQT0le8oKyo&pp=ygUZY29zdGNvIHJvdGlzc2VyaWUgY2hpY2tlbg%3D%3D,*New* Vlog Costco Haul üõí,,costco_chicken
https://www.youtube.com/shorts/V39UYhguxxE,,,costco_chicken
https://www.youtube.com/watch?v=HCu-UKu4h-M&pp=ygUZY29zdGNvIHJvdGlzc2VyaWUgY2hpY2tlbg%3D%3D,Top 10 Things to Buy at COSTCO May 2023 | Costco Haul,,costco_chicken
https://www.youtube.com/watch?v=TvAXT6kLN_0&pp=ygUZY29zdGNvIHJvdGlzc2VyaWUgY2hpY2tlbg%3D%3D,COSTCOüî•HOT BUYS ARE BACK!üî•ONE WEEK ONLY!,,costco_chicken
https://www.youtube.com/shorts/1HcBFSB4ttQ,,,costco_chicken
https://www.youtube.com/watch?v=welJLrn5GI0&pp=ygUZY29zdGNvIHJvdGlzc2VyaWUgY2hpY2tlbg%3D%3D,Costco Shop W/ Me & Grocery Haul | Spring Alaska Prices $$$,,costco_chicken
https://www.youtube.com/watch?v=vphvKNguDPw&pp=ygUZY29zdGNvIHJvdGlzc2VyaWUgY2hpY2tlbg%3D%3D,$500 KOSHER COSTCO HAUL!,,costco_chicken
https://www.youtube.com/watch?v=IHztdJ1RMR8&pp=ygUZY29zdGNvIHJvdGlzc2VyaWUgY2hpY2tlbg%3D%3D,Cheap Meats I will NOT eat (My Favorite $4.99 Carnivore Meals),,costco_chicken
https://www.youtube.com/shorts/MocxcXUCWUs,,,costco_chicken
https://www.youtube.com/shorts/2RavK9VvKKk,,,costco_chicken
https://www.youtube.com/shorts/rJSezDA6Eu0,,,costco_chicken
https://www.youtube.com/watch?v=C8T6G0E_tMA&pp=ygUZY29zdGNvIHJvdGlzc2VyaWUgY2hpY2tlbg%3D%3D,üî•COSTCO NEW MUST-BUYS this Week!!! (5/6-5/14):üö®SO MANY GREAT DEALS!!!,,costco_chicken
https://www.youtube.com/shorts/PKxB_40eaP8,,,costco_chicken
https://www.youtube.com/watch?v=brTUeTbTmM0&pp=ygUZY29zdGNvIHJvdGlzc2VyaWUgY2hpY2tlbg%3D%3D,Costco Sale Item Review Las Fortunitas Jumbo Flour Tortillas Tortilla Taste Test,,costco_chicken
https://www.youtube.com/shorts/Oy3hNM8t6zU,,,costco_chicken
https://www.youtube.com/shorts/yb3AiR5MpeE,,,costco_chicken
https://www.youtube.com/watch?v=DuWNrU25sYU&pp=ygUZY29zdGNvIHJvdGlzc2VyaWUgY2hpY2tlbg%3D%3D,Tender and Juicy Baked Chicken,,costco_chicken
https://www.youtube.com/watch?v=xhtPy9bXLFk&pp=ygUZY29zdGNvIHJvdGlzc2VyaWUgY2hpY2tlbg%3D%3D,Pork Tenderloin Recipe For Your 2023 Menu! New Go-To Family Dinner!,,costco_chicken
https://www.youtube.com/watch?v=fGMKTfRLGK8&pp=ygUZY29zdGNvIHJvdGlzc2VyaWUgY2hpY2tlbg%3D%3D,"COSTCO MAY'23 NEW DEALS / HOME, KITCHEN, BEAUTY & TOYS",,costco_chicken
https://www.youtube.com/watch?v=mHpOIvZolfk&pp=ygUZY29zdGNvIHJvdGlzc2VyaWUgY2hpY2tlbg%3D%3D,STOP These 10 Grocery Shopping Mistakes To Save Thousands!,,costco_chicken
https://www.youtube.com/watch?v=R8z3vY_40Co&pp=ygUZY29zdGNvIHJvdGlzc2VyaWUgY2hpY2tlbg%3D%3D,More Stuff than Greens Salad,,costco_chicken
https://www.youtube.com/shorts/pD3JC_rtrTA,,,costco_chicken
https://www.youtube.com/watch?v=TPBYWlrrTzY&pp=ygUZY29zdGNvIHJvdGlzc2VyaWUgY2hpY2tlbg%3D%3D,grocery shopping vlog + haul of a 19 year-old living alone *realistic*,,costco_chicken
https://www.youtube.com/watch?v=DICwG884g9w&pp=ygUZY29zdGNvIHJvdGlzc2VyaWUgY2hpY2tlbg%3D%3D,‚ú®AMAZING Taco Recipe & Weekly GROCERY HAUL for my Large Family!,,costco_chicken
https://www.youtube.com/watch?v=EkNkUrN9-ZY&pp=ygUZY29zdGNvIHJvdGlzc2VyaWUgY2hpY2tlbg%3D%3D,Costco Item Review Kirkland Signature Shredded Mexican Style Blend Cheese Taste Test,,costco_chicken
https://www.youtube.com/watch?v=H5HMAbPC_Q0&pp=ygUZY29zdGNvIHJvdGlzc2VyaWUgY2hpY2tlbg%3D%3D,MASSIVE PRICE INCREASES AT SAM'S CLUB!!! - This Is Crazy! - What's Next? - Daily Vlog!,,costco_chicken
https://www.youtube.com/watch?v=57OYXlGJ9e4&pp=ygUZY29zdGNvIHJvdGlzc2VyaWUgY2hpY2tlbg%3D%3D,NEW ITEMS! Weekly Grocery Haul | Weight Watchers Points | Journey to Healthy,,costco_chicken
https://www.youtube.com/watch?v=rMhgsZM9ej0&pp=ygUZY29zdGNvIHJvdGlzc2VyaWUgY2hpY2tlbg%3D%3D,Traeger Hot Rod Igniter Replaced in a Silverton (Gen 1) Grill from Costco,,costco_chicken
https://www.youtube.com/watch?v=xiiaYPwgjpY&pp=ygUZY29zdGNvIHJvdGlzc2VyaWUgY2hpY2tlbg%3D%3D,COSTCO CANADA SPRING SALE MAY 2023!!!! WEEK 2!!!,,costco_chicken
https://www.youtube.com/shorts/9bEqu6mNWtU,,,costco_chicken
https://www.youtube.com/watch?v=sVHqoQuFlYs&pp=ygUZY29zdGNvIHJvdGlzc2VyaWUgY2hpY2tlbg%3D%3D,Nagpur RUMALI Chicken SHAWARMA | Chicken Shawarma Nagpur Delhi Dubai Style Shawarma | SHAWARMA,,costco_chicken
https://www.youtube.com/watch?v=S_T13efoDEo&pp=ygUZY29zdGNvIHJvdGlzc2VyaWUgY2hpY2tlbg%3D%3D,Inside Look At $15k Mobile Home Tour | Work Life On A Farm Tour,,costco_chicken
https://www.youtube.com/watch?v=00ihG6_DUew&pp=ygUZY29zdGNvIHJvdGlzc2VyaWUgY2hpY2tlbg%3D%3D,TITAN GREAT OUTDOORS SS Rotisserie Grill - HONEST Review,,costco_chicken
https://www.youtube.com/watch?v=I5ea92NL3ss&pp=ygUZY29zdGNvIHJvdGlzc2VyaWUgY2hpY2tlbg%3D%3D,üíµ $295 Walmart Grocery Haul + Restocking the Fridge!,,costco_chicken
https://www.youtube.com/watch?v=ux6gqGsEOHA&pp=ygUZY29zdGNvIHJvdGlzc2VyaWUgY2hpY2tlbg%3D%3D,Chicken run 2023! Calling all chickens!,,costco_chicken
https://www.youtube.com/watch?v=ALX3ZtCmz9c&pp=ygUZY29zdGNvIHJvdGlzc2VyaWUgY2hpY2tlbg%3D%3D,Working Girls,,costco_chicken
https://www.youtube.com/shorts/oG3wdKKLCx0,,,costco_chicken
https://www.youtube.com/watch?v=pPWcXz5ssEo&pp=ygUZY29zdGNvIHJvdGlzc2VyaWUgY2hpY2tlbg%3D%3D,We Broke the Chicken Coop! | Large Family Homesteading On A Budget üíµüíµ,,costco_chicken
https://www.youtube.com/watch?v=MKkQqdf6Ync&pp=ygUZY29zdGNvIHJvdGlzc2VyaWUgY2hpY2tlbg%3D%3D,hanging out with my family for the day,,costco_chicken
https://www.youtube.com/watch?v=WGNAONZI_pM&pp=ygUZY29zdGNvIHJvdGlzc2VyaWUgY2hpY2tlbg%3D%3D,QUICK MEALS that will SAVE YOU MONEY! // SAY NO to the DRIVE THRU // 10 Minute Meals,,costco_chicken
https://www.youtube.com/watch?v=MDWSooBw1IE&pp=ygUZY29zdGNvIHJvdGlzc2VyaWUgY2hpY2tlbg%3D%3D,Do we feel lucky today!!! LIVE,,costco_chicken
https://www.youtube.com/watch?v=i8lqfCqNaRE&pp=ygUZY29zdGNvIHJvdGlzc2VyaWUgY2hpY2tlbg%3D%3D,Â§ßÂ§ö‰º¶Â§öÂú∞Âå∫„ÄäCostcoÊúÄÊñ∞Âáè‰ª∑ÂïÜÂìÅÂèäÂ•ΩÁâ©Êé®Ëçê„Äã ‚Ä¢ „Äê5Êúà8-14/2023„ÄëÊó†È™®Áå™Â§ßÊéíÊØèÂåÖÂáè‰ª∑$5Ôºå2‰∏™‰∏ÄÂ•óÁöÑÊµáÊ∞¥Âñ∑Â§¥ÔºåÁæé‰∏ΩÁöÑÂíñÂï°ÊùØÔºånespressoÂíñÂï°Êú∫ÈÉΩÂáè‰ª∑‰∫ÜÔºåÂæà‰πÖ‰∏çËßÅÁöÑÂÜ∞È≤úÊï¥È∏≠ÂèàÂá∫Áé∞‰∫Ü,,costco_chicken
https://www.youtube.com/watch?v=HEnrgcoWIlY&pp=ygUZY29zdGNvIHJvdGlzc2VyaWUgY2hpY2tlbg%3D%3D,Butter Chicken Recipe || How To Make Butter Chicken At Home || Recipes by @sahilcookingdiaries9488,,costco_chicken
https://www.youtube.com/watch?v=cr7egzNalRs&pp=ygUZY29zdGNvIHJvdGlzc2VyaWUgY2hpY2tlbg%3D%3D,NEW Spring Antique Farmhouse Style HOME TOUR!,,costco_chicken
https://www.youtube.com/shorts/9X8Q5EQulhQ,,,costco_chicken
https://www.youtube.com/watch?v=yXXfLJDJMVc&pp=ygUZY29zdGNvIHJvdGlzc2VyaWUgY2hpY2tlbg%3D%3D,I Started A Beef Jerky Company,,costco_chicken
https://www.youtube.com/watch?v=IhwAkB4P-F8&pp=ygUZY29zdGNvIHJvdGlzc2VyaWUgY2hpY2tlbg%3D%3D,Massive Garage clean up/ moved the baby chicks to the big coop/ Huge Homestead Spring cleanup!,,costco_chicken
https://www.youtube.com/watch?v=J2nbfk8Onbs&pp=ygUZY29zdGNvIHJvdGlzc2VyaWUgY2hpY2tlbg%3D%3D,What I Eat In A Day: Grocery Haul & Healthy Recipes,,costco_chicken
https://www.youtube.com/watch?v=hfqfC3ibK4w&pp=ygUZY29zdGNvIHJvdGlzc2VyaWUgY2hpY2tlbg%3D%3D,50th Birthday Unboxing: All American 921 Pressure Canner in Kelp!,,costco_chicken
https://www.youtube.com/watch?v=CMdYD_nROQg&pp=ygUZY29zdGNvIHJvdGlzc2VyaWUgY2hpY2tlbg%3D%3D,5 Best Air Fryer Toaster Ovens 2023,,costco_chicken
https://www.youtube.com/watch?v=hRuYKwtZdP0&pp=ygUZY29zdGNvIHJvdGlzc2VyaWUgY2hpY2tlbg%3D%3D,NYC LIVE / $ZS EARNINGS $ABNB EARNINGS NYC REAL ESTATE,,costco_chicken
https://www.youtube.com/watch?v=JEqsftAx6q4&pp=ygUZY29zdGNvIHJvdGlzc2VyaWUgY2hpY2tlbg%3D%3D,"Chick-N-Run's Sandwich is Worth Crossing the Road For! - (Zebulon, Georgia)",,costco_chicken
https://www.youtube.com/watch?v=LHwLvRMq8Pk&pp=ygUZY29zdGNvIHJvdGlzc2VyaWUgY2hpY2tlbg%3D%3D,Reaction to Review: Don Pancho Chicken Street Tacos Express Meal Kit,,costco_chicken
https://www.youtube.com/watch?v=pbb3LCzXJV4&pp=ygUZY29zdGNvIHJvdGlzc2VyaWUgY2hpY2tlbg%3D%3D,YOU WON'T BELIEVE WHERE WE MADE THIS INSANE PHILLY CHEESESTEAK... ü§§‚úàÔ∏è | SAM THE COOKING GUY,,costco_chicken
https://www.youtube.com/watch?v=sRsGSDjJJ3o&pp=ygUZY29zdGNvIHJvdGlzc2VyaWUgY2hpY2tlbg%3D%3D,Check Out My Video To See How I Made An Entire Chicken Disappear!,,costco_chicken
https://www.youtube.com/watch?v=9iU8QUGCehM&pp=ygUZY29zdGNvIHJvdGlzc2VyaWUgY2hpY2tlbg%3D%3D,"Joe Biden Says We're ""Exporting Product And Buying American..........Workers""",,costco_chicken
https://www.youtube.com/shorts/pQwtrSsAtDk,,,costco_chicken
https://www.youtube.com/watch?v=vpx4YtcDT-k&pp=ygUZY29zdGNvIHJvdGlzc2VyaWUgY2hpY2tlbg%3D%3D,AFTER 7 YEARS! My 1st Day Back SQUATTING - DAY 4 - ASMR WEIGHT LIFTING *HEAVY BREATHING*,,costco_chicken
https://www.youtube.com/shorts/gzJ5nVd8PbE,,,costco_chicken
https://www.youtube.com/watch?v=qQM33Zdi4sk&pp=ygUZY29zdGNvIHJvdGlzc2VyaWUgY2hpY2tlbg%3D%3D,20 FLUFF NUGGETS! #20fluffnuggets #cutebabychicks #raisingchickens,,costco_chicken
https://www.youtube.com/watch?v=R38aZAcBfRo&pp=ygUZY29zdGNvIHJvdGlzc2VyaWUgY2hpY2tlbg%3D%3D,Ïö∞Î¶¨Í∞Ä ÏΩîÏä§Ìä∏ÏΩî ÏπòÌÇ®Ïóê ÏßëÏ∞©ÌïòÎäî Ïù¥Ïú†,,costco_chicken
https://www.youtube.com/watch?v=d9_I1yAPLco&pp=ygUZY29zdGNvIHJvdGlzc2VyaWUgY2hpY2tlbg%3D%3D,The Problem,,costco_chicken
https://www.youtube.com/shorts/65Jv9E0HMBw,,,costco_chicken
https://www.youtube.com/watch?v=CQ2XDfahj90&pp=ygUZY29zdGNvIHJvdGlzc2VyaWUgY2hpY2tlbg%3D%3D,Tortilla Slap with Bourbon,,costco_chicken
https://www.youtube.com/watch?v=fV__X01o0dQ&pp=ygUZY29zdGNvIHJvdGlzc2VyaWUgY2hpY2tlbg%3D%3D,It‚Äôs Spring Rush‚Ä¶1st Garden tour!,,costco_chicken
https://www.youtube.com/watch?v=0LV2iVoh1dg&pp=ygUZY29zdGNvIHJvdGlzc2VyaWUgY2hpY2tlbg%3D%3D,Green Beans Recipe That's NOT Boring,,costco_chicken
https://www.youtube.com/watch?v=PBQfw7ZIhmg&pp=ygUZY29zdGNvIHJvdGlzc2VyaWUgY2hpY2tlbg%3D%3D,ONCE A MONTH GROCERY HAUL FOR OUR NOT SO LARGE FAMILY! | MAY 2023 MONTHLY GROCERY HAUL,,costco_chicken
https://www.youtube.com/watch?v=Xt4ILWoarrA&pp=ygUZY29zdGNvIHJvdGlzc2VyaWUgY2hpY2tlbg%3D%3D,Let's Make a Deal,,costco_chicken
https://www.youtube.com/watch?v=IELz64nzSbc&pp=ygUZY29zdGNvIHJvdGlzc2VyaWUgY2hpY2tlbg%3D%3D,The Preston & Steve Show 5/09/23,,costco_chicken
https://www.youtube.com/watch?v=Qx_3AAKmL4Y&pp=ygUZY29zdGNvIHJvdGlzc2VyaWUgY2hpY2tlbg%3D%3D,Cooking With The Chew Crew,,costco_chicken
https://www.youtube.com/watch?v=pkYBVG9p8Ao&pp=ygUZY29zdGNvIHJvdGlzc2VyaWUgY2hpY2tlbg%3D%3D,PEOPLE HAVING A CRAPPY DAY 25,,costco_chicken
